plant_id;signal_id;csv_column;unit;role;dam_id;store_samples;kommentar
drivdal;DRIVDAL_G1_GEN_P_PV;Cluster1.DRIVDAL_G1_GEN_P_PV;kW;GeneratorActivePower;;true;Generator G1 aktiv effekt
drivdal;DRIVDAL_G1_GEN_TURTALL_PV;Cluster1.DRIVDAL_G1_GEN_TURTALL_PV;rpm;GeneratorRpm;;true;Generator G1 turtall
drivdal;DRIVDAL_G1_GEN_F_PV;Cluster1.DRIVDAL_G1_GEN_F_PV;Hz;GeneratorFrequency;;true;Generator G1 frekvens
drivdal;DRIVDAL_G1_GEN_COSPHI_PV;Cluster1.DRIVDAL_G1_GEN_COSPHI_PV;None;ElectricalMeasurement;;true;cos phi
drivdal;DRIVDAL_G1_GEN_Q_PV;Cluster1.DRIVDAL_G1_GEN_Q_PV;KVar;ElectricalMeasurement;;true;Reaktiv effekt
drivdal;DRIVDAL_G1_GEN_S_PV;Cluster1.DRIVDAL_G1_GEN_S_PV;KVa;ElectricalMeasurement;;true;Tilsynelatende effekt
drivdal;DRIVDAL_G1_GEN_TIMETELLER_PV;Cluster1.DRIVDAL_G1_GEN_TIMETELLER_PV;t;Other;;true;Driftstimer
drivdal;DRIVDAL_G1_GEN_PROD_I_AR_PV;Cluster1.DRIVDAL_G1_GEN_PROD_I_AR_PV;kWh;Other;;true;Produksjon hittil i aar
drivdal;DRIVDAL_G1_TURB_VF_PV;Cluster1.DRIVDAL_G1_TURB_VF_PV;m3/s;TurbineWaterFlow;;true;Turbin vannfoering
drivdal;DRIVDAL_G1_TURB_VIRKNGRD_PV;Cluster1.DRIVDAL_G1_TURB_VIRKNGRD_PV;%;TurbineEfficiency;;true;Turbin virkningsgrad
drivdal;DRIVDAL_G1_TURB_PADRAG_PV;Cluster1.DRIVDAL_G1_TURB_PADRAG_PV;%;TurbinePadrag;;true;Paadrag-settpunkt
drivdal;DRIVDAL_G1_TURB_LEDEAPP_POS_PV;Cluster1.DRIVDAL_G1_TURB_LEDEAPP_POS_PV;%;GuideVanePosition;;true;Ledeapparat-posisjon
drivdal;DRIVDAL_G1_RORGATE_VANN_TRYKK_PV;Cluster1.DRIVDAL_G1_RORGATE_VANN_TRYKK_PV;mKVs;HydraulicPressure;;true;Roergate vanntrykk
drivdal;DRIVDAL_G1_HYDRL_OLJE_TRYKK_PV;Cluster1.DRIVDAL_G1_HYDRL_OLJE_TRYKK_PV;bar;HydraulicPressure;;true;Hydraulikk oljetrykk
drivdal;DRIVDAL_G1_KONTROLL_AGC_DB_SP;Cluster1.DRIVDAL_G1_KONTROLL_AGC_DB_SP;None;Other;;true;AGC daadband settpunkt
drivdal;DRIVDAL_G1_KONTROLL_AUTOSTART_NIVA_SP_SP_LAST;Cluster1.DRIVDAL_G1_KONTROLL_AUTOSTART_NIVA_SP_SP_LAST;None;Other;;true;Autostart nivaa SP
drivdal;DRIVDAL_G1_KONTROLL_AUTOSTART_NIVA_SP_TM_PV;Cluster1.DRIVDAL_G1_KONTROLL_AUTOSTART_NIVA_SP_TM_PV;None;Other;;true;Autostart nivaa TM
drivdal;DRIVDAL_G1_KONTROLL_AUTOSTOPP_P_SP_SP_LAST;Cluster1.DRIVDAL_G1_KONTROLL_AUTOSTOPP_P_SP_SP_LAST;None;Other;;true;Autostopp P SP
drivdal;DRIVDAL_G1_KONTROLL_AUTOSTOPP_P_SP_TM_PV;Cluster1.DRIVDAL_G1_KONTROLL_AUTOSTOPP_P_SP_TM_PV;None;Other;;true;Autostopp P TM
drivdal;DRIVDAL_G1_KONTROLL_AUTOSTOPP_TID_SP_SP_LAST;Cluster1.DRIVDAL_G1_KONTROLL_AUTOSTOPP_TID_SP_SP_LAST;None;Other;;true;Autostopp tid SP
drivdal;DRIVDAL_G1_KONTROLL_AUTOSTOPP_TID_SP_TM_PV;Cluster1.DRIVDAL_G1_KONTROLL_AUTOSTOPP_TID_SP_TM_PV;None;Other;;true;Autostopp tid TM
drivdal;DRIVDAL_G1_KONTROLL_REG_NIVA_SP_SP_LAST;Cluster1.DRIVDAL_G1_KONTROLL_REG_NIVA_SP_SP_LAST;None;Other;;true;Reg nivaa SP
drivdal;DRIVDAL_G1_KONTROLL_REG_NIVA_SP_TM_PV;Cluster1.DRIVDAL_G1_KONTROLL_REG_NIVA_SP_TM_PV;None;Other;;true;Reg nivaa TM
drivdal;DRIVDAL_G1_KONTROLL_REG_P_SP_SP_LAST;Cluster1.DRIVDAL_G1_KONTROLL_REG_P_SP_SP_LAST;None;Other;;true;Reg P SP
drivdal;DRIVDAL_G1_KONTROLL_REG_P_SP_TM_PV;Cluster1.DRIVDAL_G1_KONTROLL_REG_P_SP_TM_PV;None;Other;;true;Reg P TM
drivdal;DRIVDAL_INNTAK_NIVA_OPPSTROM_KOTE_PV;Cluster1.DRIVDAL_INNTAK_NIVA_OPPSTROM_KOTE_PV;moh;UpstreamLevel;drivdal_main;true;Oppstroms kote
drivdal;DRIVDAL_INNTAK_NIVA_OPPSTROM_REF_HRV_PV;Cluster1.DRIVDAL_INNTAK_NIVA_OPPSTROM_REF_HRV_PV;cm;Other;;true;Oppstroms ref HRV
drivdal;DRIVDAL_INNTAK_NIVA_NEDSTROM_KOTE_PV;Cluster1.DRIVDAL_INNTAK_NIVA_NEDSTROM_KOTE_PV;moh;DownstreamLevel;drivdal_main;true;Nedstroms kote
drivdal;DRIVDAL_INNTAK_NIVA_OVERLOP_VF_PV;Cluster1.DRIVDAL_INNTAK_NIVA_OVERLOP_VF_PV;m3/s;OverflowFlow;drivdal_main;true;Overloep vannfoering
drivdal;DRIVDAL_INNTAK_MAGASIN_VOLUM_PV;Cluster1.DRIVDAL_INNTAK_MAGASIN_VOLUM_PV;Mill.m3;Other;;true;Magasinvolum
drivdal;DRIVDAL_INNTAK_MAGASIN_FYLLGRAD_PV;Cluster1.DRIVDAL_INNTAK_MAGASIN_FYLLGRAD_PV;%;ReservoirFillFactor;drivdal_main;true;Magasin fyllgrad
drivdal;DRIVDAL_INNTAK_MAGASIN_NED_KAP_PV;Cluster1.DRIVDAL_INNTAK_MAGASIN_NED_KAP_PV;mm;LowestRegulatedLevel;drivdal_main;true;LRV-referanse
drivdal;DRIVDAL_INNTAK_MAGASIN_TOT_VF_PV;Cluster1.DRIVDAL_INNTAK_MAGASIN_TOT_VF_PV;m3/s;Other;;true;Magasin tot vannfoering
drivdal;DRIVDAL_INNTAK_MINVF_LITER_PV;Cluster1.DRIVDAL_INNTAK_MINVF_LITER_PV;l/s;Other;;true;Minstevannfoering
drivdal;DRIVDAL_INNTAK_MINVF_CM_PV;Cluster1.DRIVDAL_INNTAK_MINVF_CM_PV;cm;Other;;true;Minstevannfoering nivaa
drivdal;DRIVDAL_INNTAK_RIST_FALLTAP_PV;Cluster1.DRIVDAL_INNTAK_RIST_FALLTAP_PV;cm;Other;;true;Falltap over rist
drivdal;DRIVDAL_KRST_KONTROLL_KOM_AL;Cluster1.DRIVDAL_KRST_KONTROLL_KOM_AL;None;CommunicationAlarm;;true;Kommunikasjons-alarm
grodemfoss;GRODEM_G2_GEN_P_PV;Cluster1.GRODEM_G2_GEN_P_PV;kW;GeneratorActivePower;;true;G2 aktiv effekt (G1 retired)
grodemfoss;GRODEM_G2_GEN_Q_PV;Cluster1.GRODEM_G2_GEN_Q_PV;kVAr;ElectricalMeasurement;;true;G2 reaktiv effekt
grodemfoss;GRODEM_G2_TURB_VF_PV;Cluster1.GRODEM_G2_TURB_VF_PV;m3/s;TurbineWaterFlow;;true;G2 turbin vannfoering
grodemfoss;GRODEM_G2_TURB_VIRKNGRD_PV;Cluster1.GRODEM_G2_TURB_VIRKNGRD_PV;%;TurbineEfficiency;;true;G2 turbin virkningsgrad
grodemfoss;GRODEM_G2_RORGATE_VANN_TRYKK_PV;Cluster1.GRODEM_G2_RORGATE_VANN_TRYKK_PV;mKVs;HydraulicPressure;;true;G2 roergate trykk
grodemfoss;GRODEM_G2_GEN_AKSLAGER_TSDE_TEMP_PV;Cluster1.GRODEM_G2_GEN_AKSLAGER_TSDE_TEMP_PV;C;Other;;true;Akslager TSDE temp
grodemfoss;GRODEM_G2_GEN_RADLAGER_DE_TEMP_PV;Cluster1.GRODEM_G2_GEN_RADLAGER_DE_TEMP_PV;C;Other;;true;Radlager DE temp
grodemfoss;GRODEM_G2_GEN_RADLAGER_NDE_TEMP_PV;Cluster1.GRODEM_G2_GEN_RADLAGER_NDE_TEMP_PV;C;Other;;true;Radlager NDE temp
grodemfoss;GRODEM_G2_KONTROLL_AGC_DB_SP;Cluster1.GRODEM_G2_KONTROLL_AGC_DB_SP;None;Other;;true;AGC daadband
grodemfoss;GRODEM_G2_KONTROLL_REG_P_SP_SP_LAST;Cluster1.GRODEM_G2_KONTROLL_REG_P_SP_SP_LAST;None;Other;;true;Reg P SP
grodemfoss;GRODEM_G2_KONTROLL_REG_P_SP_TM_PV;Cluster1.GRODEM_G2_KONTROLL_REG_P_SP_TM_PV;None;Other;;true;Reg P TM
grodemfoss;GRODEM_KRST_KONTROLL_KOM_AL;Cluster1.GRODEM_KRST_KONTROLL_KOM_AL;None;CommunicationAlarm;;true;Kommunikasjons-alarm
grodemfoss;GRODEM_SMIEVT_KONTROLL_MAG_FYLLGRD_PV;Cluster1.GRODEM_SMIEVT_KONTROLL_MAG_FYLLGRD_PV;%;ReservoirFillFactor;grodemfoss_main;true;Smievatn fyllgrad
grodemfoss;GRODEM_SMIEVT_KONTROLL_MAG_NEDBKAP_PV;Cluster1.GRODEM_SMIEVT_KONTROLL_MAG_NEDBKAP_PV;mm;LowestRegulatedLevel;grodemfoss_main;true;Smievatn LRV-referanse
grodemfoss;GRODEM_SMIEVT_KONTROLL_MAG_OVLOP_PV;Cluster1.GRODEM_SMIEVT_KONTROLL_MAG_OVLOP_PV;m3/s;OverflowFlow;grodemfoss_main;true;Smievatn overloep
grodemfoss;GRODEM_SMIEVT_KONTROLL_MAG_VOLUM_PV;Cluster1.GRODEM_SMIEVT_KONTROLL_MAG_VOLUM_PV;Mill.m3;ReservoirVolume;grodemfoss_main;true;Smievatn volum
grodemfoss;GRODEM_SMIEVT_KONTROLL_TOT_VF_PV;Cluster1.GRODEM_SMIEVT_KONTROLL_TOT_VF_PV;m3/s;TotalDamFlow;grodemfoss_main;true;Smievatn tot VF
grodemfoss;GRODEM_SMIEVT_NIVA_SENSOR_PRI_HRV_PV;Cluster1.GRODEM_SMIEVT_NIVA_SENSOR_PRI_HRV_PV;cm;UpstreamLevel;grodemfoss_main;true;Smievatn HRV-ref
grodemfoss;GRODEM_SMIEVT_NIVA_SENSOR_PRI_KOTE_PV;Cluster1.GRODEM_SMIEVT_NIVA_SENSOR_PRI_KOTE_PV;moh;UpstreamLevel;grodemfoss_main;true;Smievatn kote
grodemfoss;GRODEM_SMIEVT_NIVA_VTA_PV;Cluster1.GRODEM_SMIEVT_NIVA_VTA_PV;None;Other;;true;Smievatn VTA
honnefoss;HONNE_G1_GEN_P_PV;Cluster1.HONNE_G1_GEN_P_PV;kW;GeneratorActivePower;;true;G1 aktiv effekt
honnefoss;HONNE_G1_GEN_TURTALL_PV;Cluster1.HONNE_G1_GEN_TURTALL_PV;rpm;GeneratorRpm;;true;G1 turtall
honnefoss;HONNE_G1_GEN_F_PV;Cluster1.HONNE_G1_GEN_F_PV;Hz;GeneratorFrequency;;true;G1 frekvens
honnefoss;HONNE_G1_GEN_COSPHI_PV;Cluster1.HONNE_G1_GEN_COSPHI_PV;None;ElectricalMeasurement;;true;cos phi
honnefoss;HONNE_G1_GEN_Q_PV;Cluster1.HONNE_G1_GEN_Q_PV;None;ElectricalMeasurement;;true;reaktiv effekt
honnefoss;HONNE_G1_GEN_S_PV;Cluster1.HONNE_G1_GEN_S_PV;None;ElectricalMeasurement;;true;tilsynelatende effekt
honnefoss;HONNE_G1_GEN_RADLAGER_DE_TEMP_PV;Cluster1.HONNE_G1_GEN_RADLAGER_DE_TEMP_PV;None;Other;;true;G1 radlager DE temp
honnefoss;HONNE_G1_GEN_RADLAGER_NDE_TEMP_PV;Cluster1.HONNE_G1_GEN_RADLAGER_NDE_TEMP_PV;None;Other;;true;G1 radlager NDE temp
honnefoss;HONNE_G1_TURB_VF_PV;Cluster1.HONNE_G1_TURB_VF_PV;m3/s;TurbineWaterFlow;;true;G1 turbin vannfoering
honnefoss;HONNE_G1_TURB_VIRKNGRD_PV;Cluster1.HONNE_G1_TURB_VIRKNGRD_PV;%;TurbineEfficiency;;true;G1 turbin virkningsgrad
honnefoss;HONNE_G1_TURB_LEDEAPP_POS_PV;Cluster1.HONNE_G1_TURB_LEDEAPP_POS_PV;None;GuideVanePosition;;true;G1 ledeapparat posisjon
honnefoss;HONNE_G1_TURB_VANN_TRYKK_PV;Cluster1.HONNE_G1_TURB_VANN_TRYKK_PV;None;HydraulicPressure;;true;G1 turbin vanntrykk
honnefoss;HONNE_G1_RORGATE_VANN_TRYKK_PV;Cluster1.HONNE_G1_RORGATE_VANN_TRYKK_PV;mVs;HydraulicPressure;;true;G1 roergate vanntrykk
honnefoss;HONNE_G1_KONTROLL_AGC_DB_SP;Cluster1.HONNE_G1_KONTROLL_AGC_DB_SP;None;Other;;true;AGC daadband
honnefoss;HONNE_G1_KONTROLL_REG_P_SP_SP_LAST;Cluster1.HONNE_G1_KONTROLL_REG_P_SP_SP_LAST;None;Other;;true;Reg P SP
honnefoss;HONNE_G1_KONTROLL_REG_P_SP_TM_PV;Cluster1.HONNE_G1_KONTROLL_REG_P_SP_TM_PV;None;Other;;true;Reg P TM
honnefoss;HONNE_KRST_KONTROLL_KOM_AL;Cluster1.HONNE_KRST_KONTROLL_KOM_AL;None;CommunicationAlarm;;true;KRST kom-alarm
honnefoss;HONNE_NETT_LINJE_FASE_L1_U_L1_N_PV;Cluster1.HONNE_NETT_LINJE_FASE_L1_U_L1_N_PV;kV;ElectricalMeasurement;;true;Linjefasespenning
honnefoss;HONNE_INNTAK_NIVA_OVERLOP_VF_PV;Cluster1.HONNE_INNTAK_NIVA_OVERLOP_VF_PV;m3/s;OverflowFlow;honnefoss_inntak;true;Inntak overloep VF
honnefoss;HONNE_INNTAK_MAGASIN_NED_KAP_PV;Cluster1.HONNE_INNTAK_MAGASIN_NED_KAP_PV;mm;LowestRegulatedLevel;honnefoss_inntak;true;Inntak LRV-referanse
honnefoss;HONNE_INNTAK_MAGASIN_TOT_VF_PV;Cluster1.HONNE_INNTAK_MAGASIN_TOT_VF_PV;m3/s;TotalDamFlow;honnefoss_inntak;true;Inntak total VF
honnefoss;HONNE_INNTAK_MAGASIN_VOLUM_PV;Cluster1.HONNE_INNTAK_MAGASIN_VOLUM_PV;Mill.m3;ReservoirVolume;honnefoss_inntak;true;Inntak volum
honnefoss;HONNE_INNTAK_MAGASIN_FYLLGRAD_PV;Cluster1.HONNE_INNTAK_MAGASIN_FYLLGRAD_PV;%;ReservoirFillFactor;honnefoss_inntak;true;Inntak fyllgrad
honnefoss;HONNE_KYDLNDVT_KONTROLL_MAG_OVLOP_PV;Cluster1.HONNE_KYDLNDVT_KONTROLL_MAG_OVLOP_PV;m3/s;OverflowFlow;honnefoss_kydlandsvatn;true;Kydlandsvatn overloep
honnefoss;HONNE_KYDLNDVT_KONTROLL_MAG_NEDBKAP_PV;Cluster1.HONNE_KYDLNDVT_KONTROLL_MAG_NEDBKAP_PV;mm;LowestRegulatedLevel;honnefoss_kydlandsvatn;true;Kydlandsvatn LRV-ref
honnefoss;HONNE_KYDLNDVT_KONTROLL_MAG_FYLLGRD_PV;Cluster1.HONNE_KYDLNDVT_KONTROLL_MAG_FYLLGRD_PV;%;ReservoirFillFactor;honnefoss_kydlandsvatn;true;Kydlandsvatn fyllgrad
honnefoss;HONNE_KYDLNDVT_KONTROLL_MAG_VOLUM_PV;Cluster1.HONNE_KYDLNDVT_KONTROLL_MAG_VOLUM_PV;Mill.m3;ReservoirVolume;honnefoss_kydlandsvatn;true;Kydlandsvatn volum
honnefoss;HONNE_KYDLNDVT_KONTROLL_TOT_VF_PV;Cluster1.HONNE_KYDLNDVT_KONTROLL_TOT_VF_PV;m3/s;TotalDamFlow;honnefoss_kydlandsvatn;true;Kydlandsvatn total VF
honnefoss;HONNE_KYDLNDVT_NIVA_SENSOR_PRI_KOTE_PV;Cluster1.HONNE_KYDLNDVT_NIVA_SENSOR_PRI_KOTE_PV;moh;UpstreamLevel;honnefoss_kydlandsvatn;true;Kydlandsvatn kote
honnefoss;HONNE_KYDLNDVT_NIVA_SENSOR_PRI_HRV_PV;Cluster1.HONNE_KYDLNDVT_NIVA_SENSOR_PRI_HRV_PV;cm;UpstreamLevel;honnefoss_kydlandsvatn;true;Kydlandsvatn HRV-ref
honnefoss;HONNE_KYDLNDVT_NIVA_VTA_PV;Cluster1.HONNE_KYDLNDVT_NIVA_VTA_PV;None;Other;honnefoss_kydlandsvatn;true;Kydlandsvatn VTA
honnefoss;HONNE_LIAVT_KONTROLL_KOM_AL;Cluster1.HONNE_LIAVT_KONTROLL_KOM_AL;None;CommunicationAlarm;honnefoss_liavatn;true;Liavatn kom-alarm
honnefoss;HONNE_LIAVT_KONTROLL_MAG_OVLOP_PV;Cluster1.HONNE_LIAVT_KONTROLL_MAG_OVLOP_PV;m3/s;OverflowFlow;honnefoss_liavatn;true;Liavatn overloep
honnefoss;HONNE_LIAVT_KONTROLL_MAG_FYLLGRD_PV;Cluster1.HONNE_LIAVT_KONTROLL_MAG_FYLLGRD_PV;%;ReservoirFillFactor;honnefoss_liavatn;true;Liavatn fyllgrad
honnefoss;HONNE_LIAVT_KONTROLL_MAG_NEDBKAP_PV;Cluster1.HONNE_LIAVT_KONTROLL_MAG_NEDBKAP_PV;mm;LowestRegulatedLevel;honnefoss_liavatn;true;Liavatn LRV-ref
honnefoss;HONNE_LIAVT_KONTROLL_MAG_VOLUM_PV;Cluster1.HONNE_LIAVT_KONTROLL_MAG_VOLUM_PV;Mill.m3;ReservoirVolume;honnefoss_liavatn;true;Liavatn volum
honnefoss;HONNE_LIAVT_KONTROLL_TOT_VF_PV;Cluster1.HONNE_LIAVT_KONTROLL_TOT_VF_PV;m3/s;TotalDamFlow;honnefoss_liavatn;true;Liavatn total VF
honnefoss;HONNE_LIAVT_KONTROLL_LUKER_TOT_VF_PV;Cluster1.HONNE_LIAVT_KONTROLL_LUKER_TOT_VF_PV;m3/s;TotalDamFlow;honnefoss_liavatn;true;Liavatn luker total VF
honnefoss;HONNE_LIAVT_NIVA_SENSOR_PRI_KOTE_PV;Cluster1.HONNE_LIAVT_NIVA_SENSOR_PRI_KOTE_PV;moh;UpstreamLevel;honnefoss_liavatn;true;Liavatn kote
honnefoss;HONNE_LIAVT_NIVA_SENSOR_PRI_HRV_PV;Cluster1.HONNE_LIAVT_NIVA_SENSOR_PRI_HRV_PV;cm;UpstreamLevel;honnefoss_liavatn;true;Liavatn HRV-ref
honnefoss;HONNE_LIAVT_NIVA_VTA_PV;Cluster1.HONNE_LIAVT_NIVA_VTA_PV;None;Other;honnefoss_liavatn;true;Liavatn VTA
honnefoss;HONNE_LIAVT_LUKE1_POS_PV;Cluster1.HONNE_LIAVT_LUKE1_POS_PV;cm;GatePosition;honnefoss_liavatn;true;Liavatn luke1 pos
honnefoss;HONNE_LIAVT_LUKE1_VF_PV;Cluster1.HONNE_LIAVT_LUKE1_VF_PV;m3/s;GateFlow;honnefoss_liavatn;true;Liavatn luke1 VF
honnefoss;HONNE_LIAVT_LUKE1_KONTROLL_AGC_DB_SP;Cluster1.HONNE_LIAVT_LUKE1_KONTROLL_AGC_DB_SP;None;Other;honnefoss_liavatn;true;Liavatn luke1 AGC
honnefoss;HONNE_LIAVT_LUKE2_POS_PV;Cluster1.HONNE_LIAVT_LUKE2_POS_PV;cm;GatePosition;honnefoss_liavatn;true;Liavatn luke2 pos
honnefoss;HONNE_LIAVT_LUKE2_VF_PV;Cluster1.HONNE_LIAVT_LUKE2_VF_PV;m3/s;GateFlow;honnefoss_liavatn;true;Liavatn luke2 VF
honnefoss;HONNE_LIAVT_LUKE2_KONTROLL_AGC_DB_SP;Cluster1.HONNE_LIAVT_LUKE2_KONTROLL_AGC_DB_SP;None;Other;honnefoss_liavatn;true;Liavatn luke2 AGC
honnefoss;HONNE_LIAVT_KONTROLL_REG_LUKE1_POS_SP_SP_LAST;Cluster1.HONNE_LIAVT_KONTROLL_REG_LUKE1_POS_SP_SP_LAST;None;Other;honnefoss_liavatn;true;Liavatn reg luke1 pos SP
honnefoss;HONNE_LIAVT_KONTROLL_REG_LUKE1_POS_SP_TM_PV;Cluster1.HONNE_LIAVT_KONTROLL_REG_LUKE1_POS_SP_TM_PV;None;Other;honnefoss_liavatn;true;Liavatn reg luke1 pos TM
honnefoss;HONNE_LIAVT_KONTROLL_REG_LUKE1_VF_SP_SP_LAST;Cluster1.HONNE_LIAVT_KONTROLL_REG_LUKE1_VF_SP_SP_LAST;None;Other;honnefoss_liavatn;true;Liavatn reg luke1 VF SP
honnefoss;HONNE_LIAVT_KONTROLL_REG_LUKE1_VF_SP_TM_PV;Cluster1.HONNE_LIAVT_KONTROLL_REG_LUKE1_VF_SP_TM_PV;None;Other;honnefoss_liavatn;true;Liavatn reg luke1 VF TM
honnefoss;HONNE_LIAVT_KONTROLL_REG_LUKE2_POS_SP_SP_LAST;Cluster1.HONNE_LIAVT_KONTROLL_REG_LUKE2_POS_SP_SP_LAST;None;Other;honnefoss_liavatn;true;Liavatn reg luke2 pos SP
honnefoss;HONNE_LIAVT_KONTROLL_REG_LUKE2_POS_SP_TM_PV;Cluster1.HONNE_LIAVT_KONTROLL_REG_LUKE2_POS_SP_TM_PV;None;Other;honnefoss_liavatn;true;Liavatn reg luke2 pos TM
honnefoss;HONNE_LIAVT_KONTROLL_REG_LUKE2_VF_SP_SP_LAST;Cluster1.HONNE_LIAVT_KONTROLL_REG_LUKE2_VF_SP_SP_LAST;None;Other;honnefoss_liavatn;true;Liavatn reg luke2 VF SP
honnefoss;HONNE_LIAVT_KONTROLL_REG_LUKE2_VF_SP_TM_PV;Cluster1.HONNE_LIAVT_KONTROLL_REG_LUKE2_VF_SP_TM_PV;None;Other;honnefoss_liavatn;true;Liavatn reg luke2 VF TM
honnefoss;HONNE_LIAVT_STOKKURSHOLEN_MALING_PV;Cluster1.HONNE_LIAVT_STOKKURSHOLEN_MALING_PV;None;Other;honnefoss_liavatn;true;Liavatn Stokkursholen maaling
honnefoss;HONNE_SPJODEVT_KONTROLL_KOM_AL;Cluster1.HONNE_SPJODEVT_KONTROLL_KOM_AL;None;CommunicationAlarm;honnefoss_spjodevatn;true;Spjodevatn kom-alarm
honnefoss;HONNE_SPJODEVT_KONTROLL_AGC_DB_SP;Cluster1.HONNE_SPJODEVT_KONTROLL_AGC_DB_SP;None;Other;honnefoss_spjodevatn;true;Spjodevatn AGC
honnefoss;HONNE_SPJODEVT_KONTROLL_MAG_FYLLGRD_PV;Cluster1.HONNE_SPJODEVT_KONTROLL_MAG_FYLLGRD_PV;%;ReservoirFillFactor;honnefoss_spjodevatn;true;Spjodevatn fyllgrad
honnefoss;HONNE_SPJODEVT_KONTROLL_MAG_NEDBKAP_PV;Cluster1.HONNE_SPJODEVT_KONTROLL_MAG_NEDBKAP_PV;mm;LowestRegulatedLevel;honnefoss_spjodevatn;true;Spjodevatn LRV-ref
honnefoss;HONNE_SPJODEVT_KONTROLL_MAG_OVLOP_PV;Cluster1.HONNE_SPJODEVT_KONTROLL_MAG_OVLOP_PV;m3/s;OverflowFlow;honnefoss_spjodevatn;true;Spjodevatn overloep
honnefoss;HONNE_SPJODEVT_KONTROLL_MAG_VOLUM_PV;Cluster1.HONNE_SPJODEVT_KONTROLL_MAG_VOLUM_PV;Mill.m3;ReservoirVolume;honnefoss_spjodevatn;true;Spjodevatn volum
honnefoss;HONNE_SPJODEVT_KONTROLL_TOT_VF_PV;Cluster1.HONNE_SPJODEVT_KONTROLL_TOT_VF_PV;m3/s;TotalDamFlow;honnefoss_spjodevatn;true;Spjodevatn total VF
honnefoss;HONNE_SPJODEVT_LUKE1_POS_PV;Cluster1.HONNE_SPJODEVT_LUKE1_POS_PV;cm;GatePosition;honnefoss_spjodevatn;true;Spjodevatn luke1 pos
honnefoss;HONNE_SPJODEVT_LUKE1_VF_PV;Cluster1.HONNE_SPJODEVT_LUKE1_VF_PV;m3/s;GateFlow;honnefoss_spjodevatn;true;Spjodevatn luke1 VF
honnefoss;HONNE_SPJODEVT_NIVA_SENSOR_PRI_KOTE_PV;Cluster1.HONNE_SPJODEVT_NIVA_SENSOR_PRI_KOTE_PV;moh;UpstreamLevel;honnefoss_spjodevatn;true;Spjodevatn kote
honnefoss;HONNE_SPJODEVT_NIVA_SENSOR_PRI_HRV_PV;Cluster1.HONNE_SPJODEVT_NIVA_SENSOR_PRI_HRV_PV;cm;UpstreamLevel;honnefoss_spjodevatn;true;Spjodevatn HRV-ref
honnefoss;HONNE_SPJODEVT_NIVA_VTA_PV;Cluster1.HONNE_SPJODEVT_NIVA_VTA_PV;None;Other;honnefoss_spjodevatn;true;Spjodevatn VTA
honnefoss;HONNE_SPJODEVT_MET_LUFTTEMP_PV;Cluster1.HONNE_SPJODEVT_MET_LUFTTEMP_PV;C;Other;honnefoss_spjodevatn;true;Spjodevatn lufttemp
honnefoss;HONNE_SPJODEVT_KONTROLL_REG_LUKE1_POS_SP_SP_LAST;Cluster1.HONNE_SPJODEVT_KONTROLL_REG_LUKE1_POS_SP_SP_LAST;None;Other;honnefoss_spjodevatn;true;Spjodevatn reg luke1 pos SP
honnefoss;HONNE_SPJODEVT_KONTROLL_REG_LUKE1_POS_SP_TM_PV;Cluster1.HONNE_SPJODEVT_KONTROLL_REG_LUKE1_POS_SP_TM_PV;None;Other;honnefoss_spjodevatn;true;Spjodevatn reg luke1 pos TM
honnefoss;HONNE_SPJODEVT_FORSYN_EFOY_FUEL_NIVA_PV;Cluster1.HONNE_SPJODEVT_FORSYN_EFOY_FUEL_NIVA_PV;None;Other;honnefoss_spjodevatn;true;Spjodevatn noedstroem fuel
honnefoss;HONNE_REVSVT_KONTROLL_KOM_AL;Cluster1.HONNE_REVSVT_KONTROLL_KOM_AL;None;CommunicationAlarm;;true;Revsvatn kom-alarm (Liavatn-kraftverk)
honnefoss;HONNE_REVSVT_KONTROLL_MAG_FYLLGRD_PV;Cluster1.HONNE_REVSVT_KONTROLL_MAG_FYLLGRD_PV;%;ReservoirFillFactor;;true;Revsvatn fyllgrad
honnefoss;HONNE_REVSVT_KONTROLL_MAG_NEDBKAP_PV;Cluster1.HONNE_REVSVT_KONTROLL_MAG_NEDBKAP_PV;mm;LowestRegulatedLevel;;true;Revsvatn LRV-ref
honnefoss;HONNE_REVSVT_KONTROLL_MAG_OVLOP_PV;Cluster1.HONNE_REVSVT_KONTROLL_MAG_OVLOP_PV;m3/s;OverflowFlow;;true;Revsvatn overloep
honnefoss;HONNE_REVSVT_KONTROLL_MAG_VOLUM_PV;Cluster1.HONNE_REVSVT_KONTROLL_MAG_VOLUM_PV;Mill.m3;ReservoirVolume;;true;Revsvatn volum
honnefoss;HONNE_REVSVT_KONTROLL_TOT_VF_PV;Cluster1.HONNE_REVSVT_KONTROLL_TOT_VF_PV;m3/s;TotalDamFlow;;true;Revsvatn total VF
honnefoss;HONNE_REVSVT_KONTROLL_SIGSTYRK_PV;Cluster1.HONNE_REVSVT_KONTROLL_SIGSTYRK_PV;None;Other;;true;Revsvatn signalstyrke
honnefoss;HONNE_REVSVT_LUKE1_VF_PV;Cluster1.HONNE_REVSVT_LUKE1_VF_PV;m3/s;GateFlow;;true;Revsvatn luke1 VF
honnefoss;HONNE_REVSVT_KONTROLL_REG_LUKE1_POS_SP_TM_PV;Cluster1.HONNE_REVSVT_KONTROLL_REG_LUKE1_POS_SP_TM_PV;None;Other;;true;Revsvatn reg luke1 pos TM
honnefoss;HONNE_REVSVT_KONTROLL_REG_LUKE1_POS_REG_SP_LAST;Cluster1.HONNE_REVSVT_KONTROLL_REG_LUKE1_POS_REG_SP_LAST;None;Other;;true;Revsvatn reg luke1 pos REG
honnefoss;HONNE_REVSVT_NIVA_SENSOR_PRI_KOTE_PV;Cluster1.HONNE_REVSVT_NIVA_SENSOR_PRI_KOTE_PV;moh;UpstreamLevel;;true;Revsvatn kote
honnefoss;HONNE_REVSVT_NIVA_SENSOR_PRI_HRV_PV;Cluster1.HONNE_REVSVT_NIVA_SENSOR_PRI_HRV_PV;cm;UpstreamLevel;;true;Revsvatn HRV-ref
honnefoss;HONNE_REVSVT_NIVA_SENSOR_PRI_OFFSET_SP_SP_LAST;Cluster1.HONNE_REVSVT_NIVA_SENSOR_PRI_OFFSET_SP_SP_LAST;None;Other;;true;Revsvatn niva offset SP
honnefoss;HONNE_REVSVT_NIVA_SENSOR_PRI_OFFSET_SP_TM_PV;Cluster1.HONNE_REVSVT_NIVA_SENSOR_PRI_OFFSET_SP_TM_PV;None;Other;;true;Revsvatn niva offset TM
honnefoss;HONNE_REVSVT_NIVA_SENSOR_PRI_TRYKK_CM_PV;Cluster1.HONNE_REVSVT_NIVA_SENSOR_PRI_TRYKK_CM_PV;cm;Other;;true;Revsvatn niva trykk
honnefoss;HONNE_REVSVT_NIVA_VTA_PV;Cluster1.HONNE_REVSVT_NIVA_VTA_PV;None;Other;;true;Revsvatn VTA
honnefoss;HONNE_NODLANDVT_KONTROLL_KOM_AL;Cluster1.HONNE_NODLANDVT_KONTROLL_KOM_AL;None;CommunicationAlarm;;true;Nodlandvatn kom-alarm (Liavatn-kraftverk)
honnefoss;HONNE_NODLANDVT_KONTROLL_MAG_FYLLGRD_PV;Cluster1.HONNE_NODLANDVT_KONTROLL_MAG_FYLLGRD_PV;%;ReservoirFillFactor;;true;Nodlandvatn fyllgrad
honnefoss;HONNE_NODLANDVT_KONTROLL_MAG_NEDBKAP_PV;Cluster1.HONNE_NODLANDVT_KONTROLL_MAG_NEDBKAP_PV;mm;LowestRegulatedLevel;;true;Nodlandvatn LRV-ref
honnefoss;HONNE_NODLANDVT_KONTROLL_MAG_OVLOP_PV;Cluster1.HONNE_NODLANDVT_KONTROLL_MAG_OVLOP_PV;m3/s;OverflowFlow;;true;Nodlandvatn overloep
honnefoss;HONNE_NODLANDVT_KONTROLL_MAG_VOLUM_PV;Cluster1.HONNE_NODLANDVT_KONTROLL_MAG_VOLUM_PV;Mill.m3;ReservoirVolume;;true;Nodlandvatn volum
honnefoss;HONNE_NODLANDVT_KONTROLL_TOT_VF_PV;Cluster1.HONNE_NODLANDVT_KONTROLL_TOT_VF_PV;m3/s;TotalDamFlow;;true;Nodlandvatn total VF
honnefoss;HONNE_NODLANDVT_KONTROLL_LUKER_TOT_VF_PV;Cluster1.HONNE_NODLANDVT_KONTROLL_LUKER_TOT_VF_PV;m3/s;TotalDamFlow;;true;Nodlandvatn luker total VF
honnefoss;HONNE_NODLANDVT_LEKK_VF_PV;Cluster1.HONNE_NODLANDVT_LEKK_VF_PV;m3/s;Other;;true;Nodlandvatn lekkasje VF
honnefoss;HONNE_NODLANDVT_LUKE1_POS_PV;Cluster1.HONNE_NODLANDVT_LUKE1_POS_PV;cm;GatePosition;;true;Nodlandvatn luke1 pos
honnefoss;HONNE_NODLANDVT_LUKE1_VF_PV;Cluster1.HONNE_NODLANDVT_LUKE1_VF_PV;m3/s;GateFlow;;true;Nodlandvatn luke1 VF
honnefoss;HONNE_NODLANDVT_LUKE1_KONTROLL_AGC_DB_SP;Cluster1.HONNE_NODLANDVT_LUKE1_KONTROLL_AGC_DB_SP;None;Other;;true;Nodlandvatn luke1 AGC
honnefoss;HONNE_NODLANDVT_LUKE2_POS_PV;Cluster1.HONNE_NODLANDVT_LUKE2_POS_PV;cm;GatePosition;;true;Nodlandvatn luke2 pos
honnefoss;HONNE_NODLANDVT_LUKE2_VF_PV;Cluster1.HONNE_NODLANDVT_LUKE2_VF_PV;m3/s;GateFlow;;true;Nodlandvatn luke2 VF
honnefoss;HONNE_NODLANDVT_LUKE2_KONTROLL_AGC_DB_SP;Cluster1.HONNE_NODLANDVT_LUKE2_KONTROLL_AGC_DB_SP;None;Other;;true;Nodlandvatn luke2 AGC
honnefoss;HONNE_NODLANDVT_KONTROLL_REG_LUKE1_POS_SP_SP_LAST;Cluster1.HONNE_NODLANDVT_KONTROLL_REG_LUKE1_POS_SP_SP_LAST;None;Other;;true;Nodlandvatn reg luke1 pos SP
honnefoss;HONNE_NODLANDVT_KONTROLL_REG_LUKE1_POS_SP_TM_PV;Cluster1.HONNE_NODLANDVT_KONTROLL_REG_LUKE1_POS_SP_TM_PV;None;Other;;true;Nodlandvatn reg luke1 pos TM
honnefoss;HONNE_NODLANDVT_KONTROLL_REG_LUKE1_VF_SP_SP_LAST;Cluster1.HONNE_NODLANDVT_KONTROLL_REG_LUKE1_VF_SP_SP_LAST;None;Other;;true;Nodlandvatn reg luke1 VF SP
honnefoss;HONNE_NODLANDVT_KONTROLL_REG_LUKE1_VF_SP_TM_PV;Cluster1.HONNE_NODLANDVT_KONTROLL_REG_LUKE1_VF_SP_TM_PV;None;Other;;true;Nodlandvatn reg luke1 VF TM
honnefoss;HONNE_NODLANDVT_KONTROLL_REG_LUKE2_POS_SP_SP_LAST;Cluster1.HONNE_NODLANDVT_KONTROLL_REG_LUKE2_POS_SP_SP_LAST;None;Other;;true;Nodlandvatn reg luke2 pos SP
honnefoss;HONNE_NODLANDVT_KONTROLL_REG_LUKE2_POS_SP_TM_PV;Cluster1.HONNE_NODLANDVT_KONTROLL_REG_LUKE2_POS_SP_TM_PV;None;Other;;true;Nodlandvatn reg luke2 pos TM
honnefoss;HONNE_NODLANDVT_KONTROLL_REG_LUKE2_VF_SP_SP_LAST;Cluster1.HONNE_NODLANDVT_KONTROLL_REG_LUKE2_VF_SP_SP_LAST;None;Other;;true;Nodlandvatn reg luke2 VF SP
honnefoss;HONNE_NODLANDVT_KONTROLL_REG_LUKE2_VF_SP_TM_PV;Cluster1.HONNE_NODLANDVT_KONTROLL_REG_LUKE2_VF_SP_TM_PV;None;Other;;true;Nodlandvatn reg luke2 VF TM
honnefoss;HONNE_NODLANDVT_NIVA_SENSOR_PRI_KOTE_PV;Cluster1.HONNE_NODLANDVT_NIVA_SENSOR_PRI_KOTE_PV;moh;UpstreamLevel;;true;Nodlandvatn kote
honnefoss;HONNE_NODLANDVT_NIVA_SENSOR_PRI_HRV_PV;Cluster1.HONNE_NODLANDVT_NIVA_SENSOR_PRI_HRV_PV;cm;UpstreamLevel;;true;Nodlandvatn HRV-ref
honnefoss;HONNE_NODLANDVT_NIVA_VTA_PV;Cluster1.HONNE_NODLANDVT_NIVA_VTA_PV;None;Other;;true;Nodlandvatn VTA
lindland;LINDLAND_BARSTDVT_KONTROLL_TOT_VF_PV;Value (Cluster1.LINDLAND_BARSTDVT_KONTROLL_TOT_VF_PV);;TotalDamFlow;lindland_barstadvatn;true;Barstadvatn total VF
lindland;LINDLAND_BARSTDVT_NIVA_SENSOR_PRI_KOTE_PV;Value (Cluster1.LINDLAND_BARSTDVT_NIVA_SENSOR_PRI_KOTE_PV);;UpstreamLevel;lindland_barstadvatn;true;Barstadvatn kote
lindland;LINDLAND_EIAVT_KONTROLL_AGC_DB_SP;Value (Cluster1.LINDLAND_EIAVT_KONTROLL_AGC_DB_SP);;Other;lindland_eiavatn;true;Eiavatn AGC
lindland;LINDLAND_EIAVT_KONTROLL_KOM_AL;Value (Cluster1.LINDLAND_EIAVT_KONTROLL_KOM_AL);;CommunicationAlarm;lindland_eiavatn;true;Eiavatn kom-alarm
lindland;LINDLAND_EIAVT_KONTROLL_MAG_FYLLGRD_PV;Value (Cluster1.LINDLAND_EIAVT_KONTROLL_MAG_FYLLGRD_PV);;ReservoirFillFactor;lindland_eiavatn;true;Eiavatn fyllgrad
lindland;LINDLAND_EIAVT_KONTROLL_MAG_NALELOP_PV;Value (Cluster1.LINDLAND_EIAVT_KONTROLL_MAG_NALELOP_PV);;Other;lindland_eiavatn;true;Eiavatn nale-loep
lindland;LINDLAND_EIAVT_KONTROLL_MAG_NEDBKAP_PV;Value (Cluster1.LINDLAND_EIAVT_KONTROLL_MAG_NEDBKAP_PV);;Other;lindland_eiavatn;true;Eiavatn nedboerskap
lindland;LINDLAND_EIAVT_KONTROLL_MAG_OVLOP_PV;Value (Cluster1.LINDLAND_EIAVT_KONTROLL_MAG_OVLOP_PV);;OverflowFlow;lindland_eiavatn;true;Eiavatn overloep
lindland;LINDLAND_EIAVT_KONTROLL_MAG_VOLUM_PV;Value (Cluster1.LINDLAND_EIAVT_KONTROLL_MAG_VOLUM_PV);;ReservoirVolume;lindland_eiavatn;true;Eiavatn volum
lindland;LINDLAND_EIAVT_KONTROLL_REG_LUKE1_POS_SP_SP_LAST;Value (Cluster1.LINDLAND_EIAVT_KONTROLL_REG_LUKE1_POS_SP_SP_LAST);;Other;lindland_eiavatn;true;Eiavatn reg luke1 pos SP
lindland;LINDLAND_EIAVT_KONTROLL_REG_LUKE1_POS_SP_TM_PV;Value (Cluster1.LINDLAND_EIAVT_KONTROLL_REG_LUKE1_POS_SP_TM_PV);;Other;lindland_eiavatn;true;Eiavatn reg luke1 pos TM
lindland;LINDLAND_EIAVT_KONTROLL_REG_LUKE1_VF_SP_SP_LAST;Value (Cluster1.LINDLAND_EIAVT_KONTROLL_REG_LUKE1_VF_SP_SP_LAST);;Other;lindland_eiavatn;true;Eiavatn reg luke1 VF SP
lindland;LINDLAND_EIAVT_KONTROLL_REG_LUKE1_VF_SP_TM_PV;Value (Cluster1.LINDLAND_EIAVT_KONTROLL_REG_LUKE1_VF_SP_TM_PV);;Other;lindland_eiavatn;true;Eiavatn reg luke1 VF TM
lindland;LINDLAND_EIAVT_KONTROLL_TOT_VF_PV;Value (Cluster1.LINDLAND_EIAVT_KONTROLL_TOT_VF_PV);;TotalDamFlow;lindland_eiavatn;true;Eiavatn total VF
lindland;LINDLAND_EIAVT_LUKE1_POS_PV;Value (Cluster1.LINDLAND_EIAVT_LUKE1_POS_PV);;GatePosition;lindland_eiavatn;true;Eiavatn luke1 pos
lindland;LINDLAND_EIAVT_LUKE1_VF_PV;Value (Cluster1.LINDLAND_EIAVT_LUKE1_VF_PV);;GateFlow;lindland_eiavatn;true;Eiavatn luke1 VF
lindland;LINDLAND_EIAVT_NIVA_SENSOR_PRI_HRV_PV;Value (Cluster1.LINDLAND_EIAVT_NIVA_SENSOR_PRI_HRV_PV);;Other;lindland_eiavatn;true;Eiavatn HRV-ref
lindland;LINDLAND_EIAVT_NIVA_SENSOR_PRI_KOTE_PV;Value (Cluster1.LINDLAND_EIAVT_NIVA_SENSOR_PRI_KOTE_PV);;UpstreamLevel;lindland_eiavatn;true;Eiavatn kote
lindland;LINDLAND_EIAVT_NIVA_VTA_PV;Value (Cluster1.LINDLAND_EIAVT_NIVA_VTA_PV);;Other;lindland_eiavatn;true;Eiavatn VTA
lindland;LINDLAND_G1_GEN_COSPHI_PV;Value (Cluster1.LINDLAND_G1_GEN_COSPHI_PV);;ElectricalMeasurement;;true;G1 cos phi
lindland;LINDLAND_G1_GEN_F_PV;Value (Cluster1.LINDLAND_G1_GEN_F_PV);;GeneratorFrequency;;true;G1 frekvens
lindland;LINDLAND_G1_GEN_P_PV;Value (Cluster1.LINDLAND_G1_GEN_P_PV);;GeneratorActivePower;;true;G1 aktiv effekt
lindland;LINDLAND_G1_GEN_Q_PV;Value (Cluster1.LINDLAND_G1_GEN_Q_PV);;ElectricalMeasurement;;true;G1 reaktiv effekt
lindland;LINDLAND_G1_GEN_RADLAGER_DE_TEMP_PV;Value (Cluster1.LINDLAND_G1_GEN_RADLAGER_DE_TEMP_PV);;ConditionTemperature;;true;G1 radlager DE temp
lindland;LINDLAND_G1_GEN_RADLAGER_NDE_TEMP_PV;Value (Cluster1.LINDLAND_G1_GEN_RADLAGER_NDE_TEMP_PV);;ConditionTemperature;;true;G1 radlager NDE temp
lindland;LINDLAND_G1_GEN_TIMETELLER_PV;Value (Cluster1.LINDLAND_G1_GEN_TIMETELLER_PV);;Other;;true;G1 driftstimer
lindland;LINDLAND_G1_GEN_TURTALL_PV;Value (Cluster1.LINDLAND_G1_GEN_TURTALL_PV);;GeneratorRpm;;true;G1 turtall
lindland;LINDLAND_G1_HYDRL_OLJE_TEMP_PV;Value (Cluster1.LINDLAND_G1_HYDRL_OLJE_TEMP_PV);;ConditionTemperature;;true;G1 hydraulikk olje temp
lindland;LINDLAND_G1_HYDRL_OLJE_TRYKK_PV;Value (Cluster1.LINDLAND_G1_HYDRL_OLJE_TRYKK_PV);;HydraulicPressure;;true;G1 hydraulikk olje trykk
lindland;LINDLAND_G1_KJOLEVANN_KALD_TEMP_PV;Value (Cluster1.LINDLAND_G1_KJOLEVANN_KALD_TEMP_PV);;ConditionTemperature;;true;G1 kjoelevann kald
lindland;LINDLAND_G1_KONTROLL_AGC_DB_SP;Value (Cluster1.LINDLAND_G1_KONTROLL_AGC_DB_SP);;Other;;true;G1 AGC daadband
lindland;LINDLAND_G1_KONTROLL_KOM_AL;Value (Cluster1.LINDLAND_G1_KONTROLL_KOM_AL);;CommunicationAlarm;;true;G1 kom-alarm
lindland;LINDLAND_G1_KONTROLL_REG_NIVA_SP_SP_LAST;Value (Cluster1.LINDLAND_G1_KONTROLL_REG_NIVA_SP_SP_LAST);;Other;;true;G1 reg nivaa SP
lindland;LINDLAND_G1_KONTROLL_REG_NIVA_SP_TM_PV;Value (Cluster1.LINDLAND_G1_KONTROLL_REG_NIVA_SP_TM_PV);;Other;;true;G1 reg nivaa TM
lindland;LINDLAND_G1_KONTROLL_REG_P_SP_SP_LAST;Value (Cluster1.LINDLAND_G1_KONTROLL_REG_P_SP_SP_LAST);;Other;;true;G1 reg P SP
lindland;LINDLAND_G1_KONTROLL_REG_P_SP_TM_PV;Value (Cluster1.LINDLAND_G1_KONTROLL_REG_P_SP_TM_PV);;Other;;true;G1 reg P TM
lindland;LINDLAND_G1_RORGATE_VANN_TRYKK_PV;Value (Cluster1.LINDLAND_G1_RORGATE_VANN_TRYKK_PV);;HydraulicPressure;;true;G1 roergate trykk
lindland;LINDLAND_G1_SMOLJE_OLJE_TEMP_PV;Value (Cluster1.LINDLAND_G1_SMOLJE_OLJE_TEMP_PV);;ConditionTemperature;;true;G1 smolje temp
lindland;LINDLAND_G1_TURB_FALLHOYDE_TOTAL_PV;Value (Cluster1.LINDLAND_G1_TURB_FALLHOYDE_TOTAL_PV);;Other;;true;G1 fallhoeyde
lindland;LINDLAND_G1_TURB_LEDEAPP_POS_PV;Value (Cluster1.LINDLAND_G1_TURB_LEDEAPP_POS_PV);;GuideVanePosition;;true;G1 ledeapparat
lindland;LINDLAND_G1_TURB_VANN_TRYKK_PV;Value (Cluster1.LINDLAND_G1_TURB_VANN_TRYKK_PV);;HydraulicPressure;;true;G1 turbin trykk
lindland;LINDLAND_G1_TURB_VF_PV;Value (Cluster1.LINDLAND_G1_TURB_VF_PV);;TurbineWaterFlow;;true;G1 turbin VF
lindland;LINDLAND_G1_TURB_VIRKNGRD_PV;Value (Cluster1.LINDLAND_G1_TURB_VIRKNGRD_PV);;TurbineEfficiency;;true;G1 turbin virkningsgrad
lindland;LINDLAND_G2_GEN_COSPHI_PV;Value (Cluster1.LINDLAND_G2_GEN_COSPHI_PV);;ElectricalMeasurement;;true;G2 cos phi
lindland;LINDLAND_G2_GEN_F_PV;Value (Cluster1.LINDLAND_G2_GEN_F_PV);;GeneratorFrequency;;true;G2 frekvens
lindland;LINDLAND_G2_GEN_KALDLUFT_TEMP_PV;Value (Cluster1.LINDLAND_G2_GEN_KALDLUFT_TEMP_PV);;ConditionTemperature;;true;G2 kaldluft temp
lindland;LINDLAND_G2_GEN_P_PV;Value (Cluster1.LINDLAND_G2_GEN_P_PV);;GeneratorActivePower;;true;G2 aktiv effekt
lindland;LINDLAND_G2_GEN_Q_PV;Value (Cluster1.LINDLAND_G2_GEN_Q_PV);;ElectricalMeasurement;;true;G2 reaktiv effekt
lindland;LINDLAND_G2_GEN_RADLAGER_DE_TEMP_PV;Value (Cluster1.LINDLAND_G2_GEN_RADLAGER_DE_TEMP_PV);;ConditionTemperature;;true;G2 radlager DE temp
lindland;LINDLAND_G2_GEN_RADLAGER_NDE_TEMP_PV;Value (Cluster1.LINDLAND_G2_GEN_RADLAGER_NDE_TEMP_PV);;ConditionTemperature;;true;G2 radlager NDE temp
lindland;LINDLAND_G2_GEN_TIMETELLER_PV;Value (Cluster1.LINDLAND_G2_GEN_TIMETELLER_PV);;Other;;true;G2 driftstimer
lindland;LINDLAND_G2_GEN_TURTALL_PV;Value (Cluster1.LINDLAND_G2_GEN_TURTALL_PV);;GeneratorRpm;;true;G2 turtall
lindland;LINDLAND_G2_KONTROLL_AGC_DB_SP;Value (Cluster1.LINDLAND_G2_KONTROLL_AGC_DB_SP);;Other;;true;G2 AGC daadband
lindland;LINDLAND_G2_KONTROLL_KOM_AL;Value (Cluster1.LINDLAND_G2_KONTROLL_KOM_AL);;CommunicationAlarm;;true;G2 kom-alarm
lindland;LINDLAND_G2_KONTROLL_REG_NIVA_SP_SP_LAST;Value (Cluster1.LINDLAND_G2_KONTROLL_REG_NIVA_SP_SP_LAST);;Other;;true;G2 reg nivaa SP
lindland;LINDLAND_G2_KONTROLL_REG_NIVA_SP_TM_PV;Value (Cluster1.LINDLAND_G2_KONTROLL_REG_NIVA_SP_TM_PV);;Other;;true;G2 reg nivaa TM
lindland;LINDLAND_G2_KONTROLL_REG_P_SP_SP_LAST;Value (Cluster1.LINDLAND_G2_KONTROLL_REG_P_SP_SP_LAST);;Other;;true;G2 reg P SP
lindland;LINDLAND_G2_KONTROLL_REG_P_SP_TM_PV;Value (Cluster1.LINDLAND_G2_KONTROLL_REG_P_SP_TM_PV);;Other;;true;G2 reg P TM
lindland;LINDLAND_G2_RORGATE_VANN_TRYKK_PV;Value (Cluster1.LINDLAND_G2_RORGATE_VANN_TRYKK_PV);;HydraulicPressure;;true;G2 roergate trykk
lindland;LINDLAND_G2_TURB_FALLHOYDE_TOTAL_PV;Value (Cluster1.LINDLAND_G2_TURB_FALLHOYDE_TOTAL_PV);;Other;;true;G2 fallhoeyde
lindland;LINDLAND_G2_TURB_LEDEAPP_POS_PV;Value (Cluster1.LINDLAND_G2_TURB_LEDEAPP_POS_PV);;GuideVanePosition;;true;G2 ledeapparat
lindland;LINDLAND_G2_TURB_VANN_TRYKK_PV;Value (Cluster1.LINDLAND_G2_TURB_VANN_TRYKK_PV);;HydraulicPressure;;true;G2 turbin trykk
lindland;LINDLAND_G2_TURB_VF_PV;Value (Cluster1.LINDLAND_G2_TURB_VF_PV);;TurbineWaterFlow;;true;G2 turbin VF
lindland;LINDLAND_G2_TURB_VIRKNGRD_PV;Value (Cluster1.LINDLAND_G2_TURB_VIRKNGRD_PV);;TurbineEfficiency;;true;G2 turbin virkningsgrad
lindland;LINDLAND_HEIGRAVT_KONTROLL_AGC_DB_SP;Value (Cluster1.LINDLAND_HEIGRAVT_KONTROLL_AGC_DB_SP);;Other;lindland_heigravatn;true;Heigravatn AGC
lindland;LINDLAND_HEIGRAVT_KONTROLL_KOM_AL;Value (Cluster1.LINDLAND_HEIGRAVT_KONTROLL_KOM_AL);;CommunicationAlarm;lindland_heigravatn;true;Heigravatn kom-alarm
lindland;LINDLAND_HEIGRAVT_KONTROLL_MAG_FYLLGRD_PV;Value (Cluster1.LINDLAND_HEIGRAVT_KONTROLL_MAG_FYLLGRD_PV);;ReservoirFillFactor;lindland_heigravatn;true;Heigravatn fyllgrad
lindland;LINDLAND_HEIGRAVT_KONTROLL_MAG_NEDBKAP_PV;Value (Cluster1.LINDLAND_HEIGRAVT_KONTROLL_MAG_NEDBKAP_PV);;Other;lindland_heigravatn;true;Heigravatn nedboerskap
lindland;LINDLAND_HEIGRAVT_KONTROLL_MAG_OVLOP_PV;Value (Cluster1.LINDLAND_HEIGRAVT_KONTROLL_MAG_OVLOP_PV);;OverflowFlow;lindland_heigravatn;true;Heigravatn overloep
lindland;LINDLAND_HEIGRAVT_KONTROLL_MAG_VOLUM_PV;Value (Cluster1.LINDLAND_HEIGRAVT_KONTROLL_MAG_VOLUM_PV);;ReservoirVolume;lindland_heigravatn;true;Heigravatn volum
lindland;LINDLAND_HEIGRAVT_KONTROLL_REG_LUKE1_POS_SP_SP_LAST;Value (Cluster1.LINDLAND_HEIGRAVT_KONTROLL_REG_LUKE1_POS_SP_SP_LAST);;Other;lindland_heigravatn;true;Heigravatn reg luke1 pos SP
lindland;LINDLAND_HEIGRAVT_KONTROLL_REG_LUKE1_POS_SP_TM_PV;Value (Cluster1.LINDLAND_HEIGRAVT_KONTROLL_REG_LUKE1_POS_SP_TM_PV);;Other;lindland_heigravatn;true;Heigravatn reg luke1 pos TM
lindland;LINDLAND_HEIGRAVT_KONTROLL_REG_LUKE1_VF_SP_SP_LAST;Value (Cluster1.LINDLAND_HEIGRAVT_KONTROLL_REG_LUKE1_VF_SP_SP_LAST);;Other;lindland_heigravatn;true;Heigravatn reg luke1 VF SP
lindland;LINDLAND_HEIGRAVT_KONTROLL_REG_LUKE1_VF_SP_TM_PV;Value (Cluster1.LINDLAND_HEIGRAVT_KONTROLL_REG_LUKE1_VF_SP_TM_PV);;Other;lindland_heigravatn;true;Heigravatn reg luke1 VF TM
lindland;LINDLAND_HEIGRAVT_KONTROLL_TOT_VF_PV;Value (Cluster1.LINDLAND_HEIGRAVT_KONTROLL_TOT_VF_PV);;TotalDamFlow;lindland_heigravatn;true;Heigravatn total VF
lindland;LINDLAND_HEIGRAVT_LUKE1_POS_PV;Value (Cluster1.LINDLAND_HEIGRAVT_LUKE1_POS_PV);;GatePosition;lindland_heigravatn;true;Heigravatn luke1 pos
lindland;LINDLAND_HEIGRAVT_LUKE1_VF_PV;Value (Cluster1.LINDLAND_HEIGRAVT_LUKE1_VF_PV);;GateFlow;lindland_heigravatn;true;Heigravatn luke1 VF
lindland;LINDLAND_HEIGRAVT_MET_NEDBOR_FORR_DOGN_PV;Value (Cluster1.LINDLAND_HEIGRAVT_MET_NEDBOR_FORR_DOGN_PV);;Other;lindland_heigravatn;true;Heigravatn nedboer forrige doegn
lindland;LINDLAND_HEIGRAVT_MET_NEDBOR_FORR_TIME_PV;Value (Cluster1.LINDLAND_HEIGRAVT_MET_NEDBOR_FORR_TIME_PV);;Other;lindland_heigravatn;true;Heigravatn nedboer forrige time
lindland;LINDLAND_HEIGRAVT_MET_NEDBOR_INNEV_DOGN_PV;Value (Cluster1.LINDLAND_HEIGRAVT_MET_NEDBOR_INNEV_DOGN_PV);;Other;lindland_heigravatn;true;Heigravatn nedboer inneverende doegn
lindland;LINDLAND_HEIGRAVT_MET_NEDBOR_INNEV_TIME_PV;Value (Cluster1.LINDLAND_HEIGRAVT_MET_NEDBOR_INNEV_TIME_PV);;Other;lindland_heigravatn;true;Heigravatn nedboer inneverende time
lindland;LINDLAND_HEIGRAVT_NIVA_SENSOR_PRI_HRV_PV;Value (Cluster1.LINDLAND_HEIGRAVT_NIVA_SENSOR_PRI_HRV_PV);;Other;lindland_heigravatn;true;Heigravatn HRV-ref
lindland;LINDLAND_HEIGRAVT_NIVA_SENSOR_PRI_KOTE_PV;Value (Cluster1.LINDLAND_HEIGRAVT_NIVA_SENSOR_PRI_KOTE_PV);;UpstreamLevel;lindland_heigravatn;true;Heigravatn kote
lindland;LINDLAND_HEIGRAVT_NIVA_VTA_PV;Value (Cluster1.LINDLAND_HEIGRAVT_NIVA_VTA_PV);;Other;lindland_heigravatn;true;Heigravatn VTA
lindland;LINDLAND_INNTAK_KONTROLL_MAG_FYLLGRD_PV;Value (Cluster1.LINDLAND_INNTAK_KONTROLL_MAG_FYLLGRD_PV);;ReservoirFillFactor;lindland_rosslandshølen;true;Inntak fyllgrad
lindland;LINDLAND_INNTAK_KONTROLL_MAG_NEDBKAP_PV;Value (Cluster1.LINDLAND_INNTAK_KONTROLL_MAG_NEDBKAP_PV);;Other;lindland_rosslandshølen;true;Inntak nedboerskap
lindland;LINDLAND_INNTAK_KONTROLL_MAG_OVLOP_PV;Value (Cluster1.LINDLAND_INNTAK_KONTROLL_MAG_OVLOP_PV);;OverflowFlow;lindland_rosslandshølen;true;Inntak overloep
lindland;LINDLAND_INNTAK_KONTROLL_MAG_VOLUM_PV;Value (Cluster1.LINDLAND_INNTAK_KONTROLL_MAG_VOLUM_PV);;ReservoirVolume;lindland_rosslandshølen;true;Inntak volum
lindland;LINDLAND_INNTAK_KONTROLL_TOT_VF_PV;Value (Cluster1.LINDLAND_INNTAK_KONTROLL_TOT_VF_PV);;TotalDamFlow;lindland_rosslandshølen;true;Inntak total VF
lindland;LINDLAND_INNTAK_MAGASIN_FYLLGRAD_PV;Value (Cluster1.LINDLAND_INNTAK_MAGASIN_FYLLGRAD_PV);;ReservoirFillFactor;lindland_rosslandshølen;true;Inntak fyllgrad (alt)
lindland;LINDLAND_INNTAK_MAGASIN_NED_KAP_PV;Value (Cluster1.LINDLAND_INNTAK_MAGASIN_NED_KAP_PV);;Other;lindland_rosslandshølen;true;Inntak ned-kap
lindland;LINDLAND_INNTAK_MAGASIN_VOLUM_PV;Value (Cluster1.LINDLAND_INNTAK_MAGASIN_VOLUM_PV);;ReservoirVolume;lindland_rosslandshølen;true;Inntak volum (alt)
lindland;LINDLAND_INNTAK_MINVF_CM_PV;Value (Cluster1.LINDLAND_INNTAK_MINVF_CM_PV);;Other;lindland_rosslandshølen;true;Inntak minvf cm
lindland;LINDLAND_INNTAK_MINVF_LITER_PV;Value (Cluster1.LINDLAND_INNTAK_MINVF_LITER_PV);;Other;lindland_rosslandshølen;true;Inntak minvf liter
lindland;LINDLAND_INNTAK_MINVF_NIVA_OFFSET_SP_LAST;Value (Cluster1.LINDLAND_INNTAK_MINVF_NIVA_OFFSET_SP_LAST);;Other;lindland_rosslandshølen;true;Inntak minvf offset SP
lindland;LINDLAND_INNTAK_MINVF_NIVA_OFFSET_TM_PV;Value (Cluster1.LINDLAND_INNTAK_MINVF_NIVA_OFFSET_TM_PV);;Other;lindland_rosslandshølen;true;Inntak minvf offset TM
lindland;LINDLAND_INNTAK_NIVA_NEDSTROM_KOTE_PV;Value (Cluster1.LINDLAND_INNTAK_NIVA_NEDSTROM_KOTE_PV);;DownstreamLevel;lindland_rosslandshølen;true;Inntak nedstroms kote
lindland;LINDLAND_INNTAK_NIVA_NEDSTROM_OFFSET_SP_LAST;Value (Cluster1.LINDLAND_INNTAK_NIVA_NEDSTROM_OFFSET_SP_LAST);;Other;lindland_rosslandshølen;true;Inntak nedstroms offset SP
lindland;LINDLAND_INNTAK_NIVA_NEDSTROM_OFFSET_TM_PV;Value (Cluster1.LINDLAND_INNTAK_NIVA_NEDSTROM_OFFSET_TM_PV);;Other;lindland_rosslandshølen;true;Inntak nedstroms offset TM
lindland;LINDLAND_INNTAK_NIVA_OPPSTROM_KOTE_PV;Value (Cluster1.LINDLAND_INNTAK_NIVA_OPPSTROM_KOTE_PV);;UpstreamLevel;lindland_rosslandshølen;true;Inntak oppstroms kote
lindland;LINDLAND_INNTAK_NIVA_OPPSTROM_OFFSET_SP_LAST;Value (Cluster1.LINDLAND_INNTAK_NIVA_OPPSTROM_OFFSET_SP_LAST);;Other;lindland_rosslandshølen;true;Inntak oppstroms offset SP
lindland;LINDLAND_INNTAK_NIVA_OPPSTROM_OFFSET_TM_PV;Value (Cluster1.LINDLAND_INNTAK_NIVA_OPPSTROM_OFFSET_TM_PV);;Other;lindland_rosslandshølen;true;Inntak oppstroms offset TM
lindland;LINDLAND_INNTAK_NIVA_OVERLOP_VF_PV;Value (Cluster1.LINDLAND_INNTAK_NIVA_OVERLOP_VF_PV);;OverflowFlow;lindland_rosslandshølen;true;Inntak overloep VF
lindland;LINDLAND_INNTAK_NIVA_SENSOR_PRI_HRV_PV;Value (Cluster1.LINDLAND_INNTAK_NIVA_SENSOR_PRI_HRV_PV);;Other;lindland_rosslandshølen;true;Inntak HRV-ref
lindland;LINDLAND_INNTAK_NIVA_VTA_PV;Value (Cluster1.LINDLAND_INNTAK_NIVA_VTA_PV);;Other;lindland_rosslandshølen;true;Inntak VTA
lindland;LINDLAND_INNTAK_RISTRENSK_AUTOSTART_DIFF_SP_SP_LAST;Value (Cluster1.LINDLAND_INNTAK_RISTRENSK_AUTOSTART_DIFF_SP_SP_LAST);;Other;lindland_rosslandshølen;true;Inntak rist autostart diff SP
lindland;LINDLAND_INNTAK_RISTRENSK_AUTOSTART_DIFF_SP_TM_PV;Value (Cluster1.LINDLAND_INNTAK_RISTRENSK_AUTOSTART_DIFF_SP_TM_PV);;Other;lindland_rosslandshølen;true;Inntak rist autostart diff TM
lindland;LINDLAND_INNTAK_RISTRENSK_MAKS_PADRAG_G1_SP_SP_LAST;Value (Cluster1.LINDLAND_INNTAK_RISTRENSK_MAKS_PADRAG_G1_SP_SP_LAST);;Other;lindland_rosslandshølen;true;Inntak rist maks paadrag G1 SP
lindland;LINDLAND_INNTAK_RISTRENSK_MAKS_PADRAG_G1_SP_TM_PV;Value (Cluster1.LINDLAND_INNTAK_RISTRENSK_MAKS_PADRAG_G1_SP_TM_PV);;Other;lindland_rosslandshølen;true;Inntak rist maks paadrag G1 TM
lindland;LINDLAND_INNTAK_RISTRENSK_MAKS_PADRAG_G2_SP_SP_LAST;Value (Cluster1.LINDLAND_INNTAK_RISTRENSK_MAKS_PADRAG_G2_SP_SP_LAST);;Other;lindland_rosslandshølen;true;Inntak rist maks paadrag G2 SP
lindland;LINDLAND_INNTAK_RISTRENSK_MAKS_PADRAG_G2_SP_TM_PV;Value (Cluster1.LINDLAND_INNTAK_RISTRENSK_MAKS_PADRAG_G2_SP_TM_PV);;Other;lindland_rosslandshølen;true;Inntak rist maks paadrag G2 TM
lindland;LINDLAND_INNTAK_RISTRENSK_MAKS_PR_TIME_SP_SP_LAST;Value (Cluster1.LINDLAND_INNTAK_RISTRENSK_MAKS_PR_TIME_SP_SP_LAST);;Other;lindland_rosslandshølen;true;Inntak rist maks pr time SP
lindland;LINDLAND_INNTAK_RISTRENSK_MAKS_PR_TIME_SP_TM_PV;Value (Cluster1.LINDLAND_INNTAK_RISTRENSK_MAKS_PR_TIME_SP_TM_PV);;Other;lindland_rosslandshølen;true;Inntak rist maks pr time TM
lindland;LINDLAND_INNTAK_RIST_FALLTAP_PV;Value (Cluster1.LINDLAND_INNTAK_RIST_FALLTAP_PV);;Other;lindland_rosslandshølen;true;Inntak rist falltap
lindland;LINDLAND_KRST_KONTROLL_KOM_AL;Value (Cluster1.LINDLAND_KRST_KONTROLL_KOM_AL);;CommunicationAlarm;;true;KRST kom-alarm
lindland;LINDLAND_KRST_NIVA_UTLOP_PV;Value (Cluster1.LINDLAND_KRST_NIVA_UTLOP_PV);;Other;;true;KRST utloeps-nivaa
lindland;LINDLAND_NETT_LINJE_FASE_L1_U_L1_L2_PV;Value (Cluster1.LINDLAND_NETT_LINJE_FASE_L1_U_L1_L2_PV);;ElectricalMeasurement;;true;Linje-fase L1-L2
haukland;HAUKLAND_G1_GEN_AKSLAGER_GSDE_TEMP_PV;Cluster1.HAUKLAND_G1_GEN_AKSLAGER_GSDE_TEMP_PV;None;Other;;false;G1 akslager GSDE temp
haukland;HAUKLAND_G1_GEN_AKSLAGER_TSDE_TEMP_PV;Cluster1.HAUKLAND_G1_GEN_AKSLAGER_TSDE_TEMP_PV;None;Other;;false;G1 akslager TSDE temp
haukland;HAUKLAND_G1_GEN_COSPHI_PV;Cluster1.HAUKLAND_G1_GEN_COSPHI_PV;cosp;ElectricalMeasurement;;true;G1 cos phi
haukland;HAUKLAND_G1_GEN_F_PV;Cluster1.HAUKLAND_G1_GEN_F_PV;Hz;GeneratorFrequency;;true;G1 frekvens
haukland;HAUKLAND_G1_GEN_KALDLUFT_TEMP_PV;Cluster1.HAUKLAND_G1_GEN_KALDLUFT_TEMP_PV;None;Other;;false;G1 kaldluft temp
haukland;HAUKLAND_G1_GEN_MAGN_TRAFO_TEMP_PV;Cluster1.HAUKLAND_G1_GEN_MAGN_TRAFO_TEMP_PV;None;Other;;false;G1 magnetiseringstrafo temp
haukland;HAUKLAND_G1_GEN_P_PV;Cluster1.HAUKLAND_G1_GEN_P_PV;kW;GeneratorActivePower;;true;G1 aktiv effekt
haukland;HAUKLAND_G1_GEN_Q_PV;Cluster1.HAUKLAND_G1_GEN_Q_PV;kVAr;ElectricalMeasurement;;true;G1 reaktiv effekt
haukland;HAUKLAND_G1_GEN_RADLAGER_DE_TEMP_PV;Cluster1.HAUKLAND_G1_GEN_RADLAGER_DE_TEMP_PV;None;Other;;false;G1 radlager DE temp
haukland;HAUKLAND_G1_GEN_RADLAGER_DE_VIBRASJON_PV;Cluster1.HAUKLAND_G1_GEN_RADLAGER_DE_VIBRASJON_PV;None;Other;;false;G1 radlager DE vibrasjon
haukland;HAUKLAND_G1_GEN_RADLAGER_NDE_TEMP_PV;Cluster1.HAUKLAND_G1_GEN_RADLAGER_NDE_TEMP_PV;None;Other;;false;G1 radlager NDE temp
haukland;HAUKLAND_G1_GEN_RADLAGER_SVINGHJ_TEMP_PV;Cluster1.HAUKLAND_G1_GEN_RADLAGER_SVINGHJ_TEMP_PV;None;Other;;false;G1 radlager svinghjul temp
haukland;HAUKLAND_G1_GEN_TURTALL_PV;Cluster1.HAUKLAND_G1_GEN_TURTALL_PV;rpm;GeneratorRpm;;true;G1 turtall
haukland;HAUKLAND_G1_GEN_VARMLUFT_TEMP_PV;Cluster1.HAUKLAND_G1_GEN_VARMLUFT_TEMP_PV;None;Other;;false;G1 varmluft temp
haukland;HAUKLAND_G1_GEN_VIKLING_L1_I_PV;Cluster1.HAUKLAND_G1_GEN_VIKLING_L1_I_PV;None;Other;;false;G1 vikling L1 stroem
haukland;HAUKLAND_G1_GEN_VIKLING_L1_TEMP_PV;Cluster1.HAUKLAND_G1_GEN_VIKLING_L1_TEMP_PV;None;Other;;false;G1 vikling L1 temp
haukland;HAUKLAND_G1_GEN_VIKLING_L1_U_L1_L2_PV;Cluster1.HAUKLAND_G1_GEN_VIKLING_L1_U_L1_L2_PV;None;Other;;false;G1 vikling L1-L2 spenning
haukland;HAUKLAND_G1_GEN_VIKLING_L1_U_L1_N_PV;Cluster1.HAUKLAND_G1_GEN_VIKLING_L1_U_L1_N_PV;None;Other;;false;G1 vikling L1-N spenning
haukland;HAUKLAND_G1_GEN_VIKLING_L2_I_PV;Cluster1.HAUKLAND_G1_GEN_VIKLING_L2_I_PV;None;Other;;false;G1 vikling L2 stroem
haukland;HAUKLAND_G1_GEN_VIKLING_L2_TEMP_PV;Cluster1.HAUKLAND_G1_GEN_VIKLING_L2_TEMP_PV;None;Other;;false;G1 vikling L2 temp
haukland;HAUKLAND_G1_GEN_VIKLING_L2_U_L2_N_PV;Cluster1.HAUKLAND_G1_GEN_VIKLING_L2_U_L2_N_PV;None;Other;;false;G1 vikling L2-N spenning
haukland;HAUKLAND_G1_GEN_VIKLING_L3_I_PV;Cluster1.HAUKLAND_G1_GEN_VIKLING_L3_I_PV;None;Other;;false;G1 vikling L3 stroem
haukland;HAUKLAND_G1_GEN_VIKLING_L3_TEMP_PV;Cluster1.HAUKLAND_G1_GEN_VIKLING_L3_TEMP_PV;None;Other;;false;G1 vikling L3 temp
haukland;HAUKLAND_G1_GEN_VIKLING_L3_U_L3_N_PV;Cluster1.HAUKLAND_G1_GEN_VIKLING_L3_U_L3_N_PV;None;Other;;false;G1 vikling L3-N spenning
haukland;HAUKLAND_G1_HYDRL_OLJE_TEMP_PV;Cluster1.HAUKLAND_G1_HYDRL_OLJE_TEMP_PV;None;Other;;false;G1 hydraulikk olje temp
haukland;HAUKLAND_G1_HYDRL_OLJE_TRYKK_PV;Cluster1.HAUKLAND_G1_HYDRL_OLJE_TRYKK_PV;bar;HydraulicPressure;;true;G1 hydraulikk olje trykk
haukland;HAUKLAND_G1_KJOLEVANN_KALD_TEMP_PV;Cluster1.HAUKLAND_G1_KJOLEVANN_KALD_TEMP_PV;None;Other;;false;G1 kjoelevann kald temp
haukland;HAUKLAND_G1_KJOLEVANN_VARM_TEMP_PV;Cluster1.HAUKLAND_G1_KJOLEVANN_VARM_TEMP_PV;None;Other;;false;G1 kjoelevann varm temp
haukland;HAUKLAND_G1_KONTROLL_AGC_DB_SP;Cluster1.HAUKLAND_G1_KONTROLL_AGC_DB_SP;None;Other;;false;G1 AGC daadband
haukland;HAUKLAND_G1_KONTROLL_MAGASIN_ENERGI_PV;Cluster1.HAUKLAND_G1_KONTROLL_MAGASIN_ENERGI_PV;None;Other;;false;G1 magasin energi
haukland;HAUKLAND_G1_KONTROLL_REG_COSPHI_SP_SP_LAST;Cluster1.HAUKLAND_G1_KONTROLL_REG_COSPHI_SP_SP_LAST;None;Other;;false;G1 reg cosphi SP
haukland;HAUKLAND_G1_KONTROLL_REG_COSPHI_SP_TM_PV;Cluster1.HAUKLAND_G1_KONTROLL_REG_COSPHI_SP_TM_PV;None;Other;;false;G1 reg cosphi TM
haukland;HAUKLAND_G1_KONTROLL_REG_NIVA_SP_SP_LAST;Cluster1.HAUKLAND_G1_KONTROLL_REG_NIVA_SP_SP_LAST;None;Other;;false;G1 reg nivaa SP
haukland;HAUKLAND_G1_KONTROLL_REG_NIVA_SP_TM_PV;Cluster1.HAUKLAND_G1_KONTROLL_REG_NIVA_SP_TM_PV;None;Other;;false;G1 reg nivaa TM
haukland;HAUKLAND_G1_KONTROLL_REG_P_SP_SP_LAST;Cluster1.HAUKLAND_G1_KONTROLL_REG_P_SP_SP_LAST;None;Other;;false;G1 reg P SP
haukland;HAUKLAND_G1_KONTROLL_REG_P_SP_TM_PV;Cluster1.HAUKLAND_G1_KONTROLL_REG_P_SP_TM_PV;None;Other;;false;G1 reg P TM
haukland;HAUKLAND_G1_KONTROLL_REG_U_SP_SP_LAST;Cluster1.HAUKLAND_G1_KONTROLL_REG_U_SP_SP_LAST;None;Other;;false;G1 reg U SP
haukland;HAUKLAND_G1_KONTROLL_REG_U_SP_TM_PV;Cluster1.HAUKLAND_G1_KONTROLL_REG_U_SP_TM_PV;None;Other;;false;G1 reg U TM
haukland;HAUKLAND_G1_KONTROLL_TURBINREG_F_PV;Cluster1.HAUKLAND_G1_KONTROLL_TURBINREG_F_PV;None;Other;;false;G1 turbinreg F
haukland;HAUKLAND_G1_KONTROLL_TURBINREG_F_SP_PV;Cluster1.HAUKLAND_G1_KONTROLL_TURBINREG_F_SP_PV;None;Other;;false;G1 turbinreg F SP
haukland;HAUKLAND_G1_KONTROLL_TURBINREG_PADRAG_SP_PV;Cluster1.HAUKLAND_G1_KONTROLL_TURBINREG_PADRAG_SP_PV;%;TurbinePadrag;;true;G1 turbinreg paadrag SP
haukland;HAUKLAND_G1_RORGATE_VANN_TRYKK_PV;Cluster1.HAUKLAND_G1_RORGATE_VANN_TRYKK_PV;mKVs;HydraulicPressure;;true;G1 roergate vanntrykk
haukland;HAUKLAND_G1_SMOLJE_KJOLEVANN_KALD_TEMP_PV;Cluster1.HAUKLAND_G1_SMOLJE_KJOLEVANN_KALD_TEMP_PV;None;Other;;false;G1 smolje kjoelevann kald temp
haukland;HAUKLAND_G1_SMOLJE_KJOLEVANN_VARM_TEMP_PV;Cluster1.HAUKLAND_G1_SMOLJE_KJOLEVANN_VARM_TEMP_PV;None;Other;;false;G1 smolje kjoelevann varm temp
haukland;HAUKLAND_G1_SMOLJE_OLJE_TEMP_PV;Cluster1.HAUKLAND_G1_SMOLJE_OLJE_TEMP_PV;None;Other;;false;G1 smolje olje temp
haukland;HAUKLAND_G1_TRAFO_OLJE_TEMP_PV;Cluster1.HAUKLAND_G1_TRAFO_OLJE_TEMP_PV;None;Other;;false;G1 trafo olje temp
haukland;HAUKLAND_G1_TURB_LEDEAPP_POS_PV;Cluster1.HAUKLAND_G1_TURB_LEDEAPP_POS_PV;%;GuideVanePosition;;true;G1 ledeapparat posisjon
haukland;HAUKLAND_G1_TURB_VANN_TRYKK_PV;Cluster1.HAUKLAND_G1_TURB_VANN_TRYKK_PV;mvs;HydraulicPressure;;true;G1 turbin vanntrykk
haukland;HAUKLAND_G1_TURB_VF_PV;Cluster1.HAUKLAND_G1_TURB_VF_PV;m3/s;TurbineWaterFlow;;true;G1 turbin vannfoering
haukland;HAUKLAND_G1_TURB_VIRKNGRD_PV;Cluster1.HAUKLAND_G1_TURB_VIRKNGRD_PV;%;TurbineEfficiency;;true;G1 turbin virkningsgrad
haukland;HAUKLAND_GJELEVT_FORSYN_230VAC_U_PV;Cluster1.HAUKLAND_GJELEVT_FORSYN_230VAC_U_PV;None;Other;haukland_gjelevt;false;Gjelevatn forsyning 230VAC
haukland;HAUKLAND_GJELEVT_FORSYN_24VDC_BATT_I_PV;Cluster1.HAUKLAND_GJELEVT_FORSYN_24VDC_BATT_I_PV;None;Other;haukland_gjelevt;false;Gjelevatn batt stroem
haukland;HAUKLAND_GJELEVT_FORSYN_24VDC_BATT_KAP_PV;Cluster1.HAUKLAND_GJELEVT_FORSYN_24VDC_BATT_KAP_PV;None;Other;haukland_gjelevt;false;Gjelevatn batt kapasitet
haukland;HAUKLAND_GJELEVT_FORSYN_24VDC_BATT_TEMP_PV;Cluster1.HAUKLAND_GJELEVT_FORSYN_24VDC_BATT_TEMP_PV;None;Other;haukland_gjelevt;false;Gjelevatn batt temp
haukland;HAUKLAND_GJELEVT_FORSYN_24VDC_BATT_TID_PV;Cluster1.HAUKLAND_GJELEVT_FORSYN_24VDC_BATT_TID_PV;None;Other;haukland_gjelevt;false;Gjelevatn batt tid
haukland;HAUKLAND_GJELEVT_FORSYN_24VDC_BATT_U_PV;Cluster1.HAUKLAND_GJELEVT_FORSYN_24VDC_BATT_U_PV;None;Other;haukland_gjelevt;false;Gjelevatn batt spenning
haukland;HAUKLAND_GJELEVT_FORSYN_24VDC_LAST_I_PV;Cluster1.HAUKLAND_GJELEVT_FORSYN_24VDC_LAST_I_PV;None;Other;haukland_gjelevt;false;Gjelevatn last stroem
haukland;HAUKLAND_GJELEVT_FORSYN_24VDC_LAST_U_PV;Cluster1.HAUKLAND_GJELEVT_FORSYN_24VDC_LAST_U_PV;None;Other;haukland_gjelevt;false;Gjelevatn last spenning
haukland;HAUKLAND_GJELEVT_FORSYN_24VDC_LIKERETT_U_PV;Cluster1.HAUKLAND_GJELEVT_FORSYN_24VDC_LIKERETT_U_PV;None;Other;haukland_gjelevt;false;Gjelevatn likeretter spenning
haukland;HAUKLAND_GJELEVT_KONTROLL_AGC_DB_SP;Cluster1.HAUKLAND_GJELEVT_KONTROLL_AGC_DB_SP;None;Other;haukland_gjelevt;false;Gjelevatn AGC
haukland;HAUKLAND_GJELEVT_KONTROLL_KOM_AL;Cluster1.HAUKLAND_GJELEVT_KONTROLL_KOM_AL;None;CommunicationAlarm;haukland_gjelevt;true;Gjelevatn kom-alarm
haukland;HAUKLAND_GJELEVT_KONTROLL_MAG_FYLLGRD_PV;Cluster1.HAUKLAND_GJELEVT_KONTROLL_MAG_FYLLGRD_PV;%;ReservoirFillFactor;haukland_gjelevt;true;Gjelevatn fyllgrad
haukland;HAUKLAND_GJELEVT_KONTROLL_MAG_NEDBKAP_PV;Cluster1.HAUKLAND_GJELEVT_KONTROLL_MAG_NEDBKAP_PV;mm;LowestRegulatedLevel;haukland_gjelevt;true;Gjelevatn LRV-ref
haukland;HAUKLAND_GJELEVT_KONTROLL_MAG_OVLOP_PV;Cluster1.HAUKLAND_GJELEVT_KONTROLL_MAG_OVLOP_PV;m3/s;OverflowFlow;haukland_gjelevt;true;Gjelevatn overloep
haukland;HAUKLAND_GJELEVT_KONTROLL_MAG_VOLUM_PV;Cluster1.HAUKLAND_GJELEVT_KONTROLL_MAG_VOLUM_PV;Mill.m3;ReservoirVolume;haukland_gjelevt;true;Gjelevatn volum
haukland;HAUKLAND_GJELEVT_KONTROLL_REG_LUKE1_POS_SP_SP;Cluster1.HAUKLAND_GJELEVT_KONTROLL_REG_LUKE1_POS_SP_SP;None;Other;haukland_gjelevt;false;Gjelevatn reg luke1 pos SP
haukland;HAUKLAND_GJELEVT_KONTROLL_REG_LUKE1_POS_SP_TM_PV;Cluster1.HAUKLAND_GJELEVT_KONTROLL_REG_LUKE1_POS_SP_TM_PV;None;Other;haukland_gjelevt;false;Gjelevatn reg luke1 pos TM
haukland;HAUKLAND_GJELEVT_KONTROLL_REG_LUKE1_VF_SP_SP;Cluster1.HAUKLAND_GJELEVT_KONTROLL_REG_LUKE1_VF_SP_SP;None;Other;haukland_gjelevt;false;Gjelevatn reg luke1 VF SP
haukland;HAUKLAND_GJELEVT_KONTROLL_REG_LUKE1_VF_SP_TM_PV;Cluster1.HAUKLAND_GJELEVT_KONTROLL_REG_LUKE1_VF_SP_TM_PV;None;Other;haukland_gjelevt;false;Gjelevatn reg luke1 VF TM
haukland;HAUKLAND_GJELEVT_KONTROLL_TOT_VF_PV;Cluster1.HAUKLAND_GJELEVT_KONTROLL_TOT_VF_PV;m3/s;TotalDamFlow;haukland_gjelevt;true;Gjelevatn total VF
haukland;HAUKLAND_GJELEVT_LUKE1_POS_PV;Cluster1.HAUKLAND_GJELEVT_LUKE1_POS_PV;cm;GatePosition;haukland_gjelevt;true;Gjelevatn luke1 pos
haukland;HAUKLAND_GJELEVT_LUKE1_VF_PV;Cluster1.HAUKLAND_GJELEVT_LUKE1_VF_PV;m3/s;GateFlow;haukland_gjelevt;true;Gjelevatn luke1 VF
haukland;HAUKLAND_GJELEVT_MET_LUFTTEMP_PV;Cluster1.HAUKLAND_GJELEVT_MET_LUFTTEMP_PV;None;Other;haukland_gjelevt;false;Gjelevatn lufttemp
haukland;HAUKLAND_GJELEVT_MET_LUFTTRYKK_PV;Cluster1.HAUKLAND_GJELEVT_MET_LUFTTRYKK_PV;None;Other;haukland_gjelevt;false;Gjelevatn lufttrykk
haukland;HAUKLAND_GJELEVT_NIVA_MOH_PV;Cluster1.HAUKLAND_GJELEVT_NIVA_MOH_PV;moh;UpstreamLevel;haukland_gjelevt;true;Gjelevatn nivaa moh
haukland;HAUKLAND_GJELEVT_NIVA_REF_HRV_PV;Cluster1.HAUKLAND_GJELEVT_NIVA_REF_HRV_PV;None;Other;haukland_gjelevt;false;Gjelevatn HRV-ref
haukland;HAUKLAND_GJELEVT_NIVA_SENSOR_PRI_HRV_PV;Cluster1.HAUKLAND_GJELEVT_NIVA_SENSOR_PRI_HRV_PV;None;Other;haukland_gjelevt;false;Gjelevatn sensor pri HRV
haukland;HAUKLAND_GJELEVT_NIVA_SENSOR_PRI_KOTE_PV;Cluster1.HAUKLAND_GJELEVT_NIVA_SENSOR_PRI_KOTE_PV;None;Other;haukland_gjelevt;false;Gjelevatn sensor pri kote
haukland;HAUKLAND_GJELEVT_NIVA_SENSOR_RES_HRV_PV;Cluster1.HAUKLAND_GJELEVT_NIVA_SENSOR_RES_HRV_PV;None;Other;haukland_gjelevt;false;Gjelevatn sensor res HRV
haukland;HAUKLAND_GJELEVT_NIVA_SENSOR_RES_KOTE_PV;Cluster1.HAUKLAND_GJELEVT_NIVA_SENSOR_RES_KOTE_PV;None;Other;haukland_gjelevt;false;Gjelevatn sensor res kote
haukland;HAUKLAND_GJELEVT_NIVA_VTA_PV;Cluster1.HAUKLAND_GJELEVT_NIVA_VTA_PV;None;Other;haukland_gjelevt;false;Gjelevatn VTA
haukland;HAUKLAND_INNTAK_NIVA_OPPSTROM_KOTE_PV;Cluster1.HAUKLAND_INNTAK_NIVA_OPPSTROM_KOTE_PV;moh;UpstreamLevel;haukland_stemmevt;true;Inntak oppstroms kote (terminal=Stemmevatn)
haukland;HAUKLAND_KRST_FORSYN_24VDC_U_PV;Cluster1.HAUKLAND_KRST_FORSYN_24VDC_U_PV;None;Other;;false;KRST forsyning 24VDC
haukland;HAUKLAND_KRST_KONTROLL_KOM_AL;Cluster1.HAUKLAND_KRST_KONTROLL_KOM_AL;None;CommunicationAlarm;;true;KRST kom-alarm
haukland;HAUKLAND_NETT_LINJE_FASE_L1_U_L1_L2_PV;Cluster1.HAUKLAND_NETT_LINJE_FASE_L1_U_L1_L2_PV;kV;ElectricalMeasurement;;false;Linjefase L1-L2
haukland;HAUKLAND_NETT_LINJE_FASE_L1_U_L1_N_PV;Cluster1.HAUKLAND_NETT_LINJE_FASE_L1_U_L1_N_PV;kV;ElectricalMeasurement;;false;Linjefase L1-N
haukland;HAUKLAND_NETT_LINJE_FASE_L2_U_L2_N_PV;Cluster1.HAUKLAND_NETT_LINJE_FASE_L2_U_L2_N_PV;kV;ElectricalMeasurement;;false;Linjefase L2-N
haukland;HAUKLAND_NETT_LINJE_FASE_L3_U_L3_N_PV;Cluster1.HAUKLAND_NETT_LINJE_FASE_L3_U_L3_N_PV;kV;ElectricalMeasurement;;false;Linjefase L3-N
haukland;HAUKLAND_NETT_LINJE_F_PV;Cluster1.HAUKLAND_NETT_LINJE_F_PV;kV;ElectricalMeasurement;;false;Linje frekvens
haukland;HAUKLAND_SKRSTMVT_FORSYN_230VAC_U_PV;Cluster1.HAUKLAND_SKRSTMVT_FORSYN_230VAC_U_PV;None;Other;haukland_skrstmvt;false;Skaarstemmevatn forsyning 230VAC
haukland;HAUKLAND_SKRSTMVT_FORSYN_24VDC_BATT_I_PV;Cluster1.HAUKLAND_SKRSTMVT_FORSYN_24VDC_BATT_I_PV;None;Other;haukland_skrstmvt;false;Skaarstemmevatn batt stroem
haukland;HAUKLAND_SKRSTMVT_FORSYN_24VDC_BATT_KAP_PV;Cluster1.HAUKLAND_SKRSTMVT_FORSYN_24VDC_BATT_KAP_PV;None;Other;haukland_skrstmvt;false;Skaarstemmevatn batt kapasitet
haukland;HAUKLAND_SKRSTMVT_FORSYN_24VDC_BATT_TEMP_PV;Cluster1.HAUKLAND_SKRSTMVT_FORSYN_24VDC_BATT_TEMP_PV;None;Other;haukland_skrstmvt;false;Skaarstemmevatn batt temp
haukland;HAUKLAND_SKRSTMVT_FORSYN_24VDC_BATT_TID_PV;Cluster1.HAUKLAND_SKRSTMVT_FORSYN_24VDC_BATT_TID_PV;None;Other;haukland_skrstmvt;false;Skaarstemmevatn batt tid
haukland;HAUKLAND_SKRSTMVT_FORSYN_24VDC_BATT_U_PV;Cluster1.HAUKLAND_SKRSTMVT_FORSYN_24VDC_BATT_U_PV;None;Other;haukland_skrstmvt;false;Skaarstemmevatn batt spenning
haukland;HAUKLAND_SKRSTMVT_FORSYN_24VDC_LAST_I_PV;Cluster1.HAUKLAND_SKRSTMVT_FORSYN_24VDC_LAST_I_PV;None;Other;haukland_skrstmvt;false;Skaarstemmevatn last stroem
haukland;HAUKLAND_SKRSTMVT_FORSYN_24VDC_LAST_U_PV;Cluster1.HAUKLAND_SKRSTMVT_FORSYN_24VDC_LAST_U_PV;None;Other;haukland_skrstmvt;false;Skaarstemmevatn last spenning
haukland;HAUKLAND_SKRSTMVT_FORSYN_24VDC_LIKERETT_U_PV;Cluster1.HAUKLAND_SKRSTMVT_FORSYN_24VDC_LIKERETT_U_PV;None;Other;haukland_skrstmvt;false;Skaarstemmevatn likeretter
haukland;HAUKLAND_SKRSTMVT_KONTROLL_AGC_DB_SP;Cluster1.HAUKLAND_SKRSTMVT_KONTROLL_AGC_DB_SP;None;Other;haukland_skrstmvt;false;Skaarstemmevatn AGC
haukland;HAUKLAND_SKRSTMVT_KONTROLL_KOM_AL;Cluster1.HAUKLAND_SKRSTMVT_KONTROLL_KOM_AL;None;CommunicationAlarm;haukland_skrstmvt;true;Skaarstemmevatn kom-alarm
haukland;HAUKLAND_SKRSTMVT_KONTROLL_MAG_FYLLGRD_PV;Cluster1.HAUKLAND_SKRSTMVT_KONTROLL_MAG_FYLLGRD_PV;%;ReservoirFillFactor;haukland_skrstmvt;true;Skaarstemmevatn fyllgrad
haukland;HAUKLAND_SKRSTMVT_KONTROLL_MAG_NEDBKAP_PV;Cluster1.HAUKLAND_SKRSTMVT_KONTROLL_MAG_NEDBKAP_PV;mm;LowestRegulatedLevel;haukland_skrstmvt;true;Skaarstemmevatn LRV-ref
haukland;HAUKLAND_SKRSTMVT_KONTROLL_MAG_OVLOP_PV;Cluster1.HAUKLAND_SKRSTMVT_KONTROLL_MAG_OVLOP_PV;m3/s;OverflowFlow;haukland_skrstmvt;true;Skaarstemmevatn overloep
haukland;HAUKLAND_SKRSTMVT_KONTROLL_MAG_VOLUM_PV;Cluster1.HAUKLAND_SKRSTMVT_KONTROLL_MAG_VOLUM_PV;Mill.m3;ReservoirVolume;haukland_skrstmvt;true;Skaarstemmevatn volum
haukland;HAUKLAND_SKRSTMVT_KONTROLL_REG_LUKE1_POS_SP_SP;Cluster1.HAUKLAND_SKRSTMVT_KONTROLL_REG_LUKE1_POS_SP_SP;None;Other;haukland_skrstmvt;false;Skaarstemmevatn reg luke1 pos SP
haukland;HAUKLAND_SKRSTMVT_KONTROLL_REG_LUKE1_POS_SP_TM_PV;Cluster1.HAUKLAND_SKRSTMVT_KONTROLL_REG_LUKE1_POS_SP_TM_PV;None;Other;haukland_skrstmvt;false;Skaarstemmevatn reg luke1 pos TM
haukland;HAUKLAND_SKRSTMVT_KONTROLL_REG_LUKE1_VF_SP_SP;Cluster1.HAUKLAND_SKRSTMVT_KONTROLL_REG_LUKE1_VF_SP_SP;None;Other;haukland_skrstmvt;false;Skaarstemmevatn reg luke1 VF SP
haukland;HAUKLAND_SKRSTMVT_KONTROLL_REG_LUKE1_VF_SP_TM_PV;Cluster1.HAUKLAND_SKRSTMVT_KONTROLL_REG_LUKE1_VF_SP_TM_PV;None;Other;haukland_skrstmvt;false;Skaarstemmevatn reg luke1 VF TM
haukland;HAUKLAND_SKRSTMVT_KONTROLL_TOT_VF_PV;Cluster1.HAUKLAND_SKRSTMVT_KONTROLL_TOT_VF_PV;m3/s;TotalDamFlow;haukland_skrstmvt;true;Skaarstemmevatn total VF
haukland;HAUKLAND_SKRSTMVT_LUKE1_POS_PV;Cluster1.HAUKLAND_SKRSTMVT_LUKE1_POS_PV;cm;GatePosition;haukland_skrstmvt;true;Skaarstemmevatn luke1 pos
haukland;HAUKLAND_SKRSTMVT_LUKE1_VF_PV;Cluster1.HAUKLAND_SKRSTMVT_LUKE1_VF_PV;m3/s;GateFlow;haukland_skrstmvt;true;Skaarstemmevatn luke1 VF
haukland;HAUKLAND_SKRSTMVT_MET_LUFTTEMP_PV;Cluster1.HAUKLAND_SKRSTMVT_MET_LUFTTEMP_PV;None;Other;haukland_skrstmvt;false;Skaarstemmevatn lufttemp
haukland;HAUKLAND_SKRSTMVT_MET_LUFTTRYKK_PV;Cluster1.HAUKLAND_SKRSTMVT_MET_LUFTTRYKK_PV;None;Other;haukland_skrstmvt;false;Skaarstemmevatn lufttrykk
haukland;HAUKLAND_SKRSTMVT_NIVA_MOH_PV;Cluster1.HAUKLAND_SKRSTMVT_NIVA_MOH_PV;moh;UpstreamLevel;haukland_skrstmvt;true;Skaarstemmevatn nivaa moh
haukland;HAUKLAND_SKRSTMVT_NIVA_REF_HRV_PV;Cluster1.HAUKLAND_SKRSTMVT_NIVA_REF_HRV_PV;None;Other;haukland_skrstmvt;false;Skaarstemmevatn HRV-ref
haukland;HAUKLAND_SKRSTMVT_NIVA_SENSOR_PRI_HRV_PV;Cluster1.HAUKLAND_SKRSTMVT_NIVA_SENSOR_PRI_HRV_PV;None;Other;haukland_skrstmvt;false;Skaarstemmevatn sensor pri HRV
haukland;HAUKLAND_SKRSTMVT_NIVA_SENSOR_PRI_KOTE_PV;Cluster1.HAUKLAND_SKRSTMVT_NIVA_SENSOR_PRI_KOTE_PV;None;Other;haukland_skrstmvt;false;Skaarstemmevatn sensor pri kote
haukland;HAUKLAND_SKRSTMVT_NIVA_SENSOR_RES_HRV_PV;Cluster1.HAUKLAND_SKRSTMVT_NIVA_SENSOR_RES_HRV_PV;None;Other;haukland_skrstmvt;false;Skaarstemmevatn sensor res HRV
haukland;HAUKLAND_SKRSTMVT_NIVA_SENSOR_RES_KOTE_PV;Cluster1.HAUKLAND_SKRSTMVT_NIVA_SENSOR_RES_KOTE_PV;None;Other;haukland_skrstmvt;false;Skaarstemmevatn sensor res kote
haukland;HAUKLAND_SKRSTMVT_NIVA_VTA_PV;Cluster1.HAUKLAND_SKRSTMVT_NIVA_VTA_PV;None;Other;haukland_skrstmvt;false;Skaarstemmevatn VTA
haukland;HAUKLAND_STEMMEVT_FORSYN_230VAC_U_PV;Cluster1.HAUKLAND_STEMMEVT_FORSYN_230VAC_U_PV;None;Other;haukland_stemmevt;false;Stemmevatn forsyning 230VAC
haukland;HAUKLAND_STEMMEVT_FORSYN_24VDC_BATT_I_PV;Cluster1.HAUKLAND_STEMMEVT_FORSYN_24VDC_BATT_I_PV;None;Other;haukland_stemmevt;false;Stemmevatn batt stroem
haukland;HAUKLAND_STEMMEVT_FORSYN_24VDC_BATT_KAP_PV;Cluster1.HAUKLAND_STEMMEVT_FORSYN_24VDC_BATT_KAP_PV;None;Other;haukland_stemmevt;false;Stemmevatn batt kapasitet
haukland;HAUKLAND_STEMMEVT_FORSYN_24VDC_BATT_TEMP_PV;Cluster1.HAUKLAND_STEMMEVT_FORSYN_24VDC_BATT_TEMP_PV;None;Other;haukland_stemmevt;false;Stemmevatn batt temp
haukland;HAUKLAND_STEMMEVT_FORSYN_24VDC_BATT_TID_PV;Cluster1.HAUKLAND_STEMMEVT_FORSYN_24VDC_BATT_TID_PV;None;Other;haukland_stemmevt;false;Stemmevatn batt tid
haukland;HAUKLAND_STEMMEVT_FORSYN_24VDC_BATT_U_PV;Cluster1.HAUKLAND_STEMMEVT_FORSYN_24VDC_BATT_U_PV;None;Other;haukland_stemmevt;false;Stemmevatn batt spenning
haukland;HAUKLAND_STEMMEVT_FORSYN_24VDC_LAST_I_PV;Cluster1.HAUKLAND_STEMMEVT_FORSYN_24VDC_LAST_I_PV;None;Other;haukland_stemmevt;false;Stemmevatn last stroem
haukland;HAUKLAND_STEMMEVT_FORSYN_24VDC_LAST_U_PV;Cluster1.HAUKLAND_STEMMEVT_FORSYN_24VDC_LAST_U_PV;None;Other;haukland_stemmevt;false;Stemmevatn last spenning
haukland;HAUKLAND_STEMMEVT_FORSYN_24VDC_LIKERETT_U_PV;Cluster1.HAUKLAND_STEMMEVT_FORSYN_24VDC_LIKERETT_U_PV;None;Other;haukland_stemmevt;false;Stemmevatn likeretter
haukland;HAUKLAND_STEMMEVT_KONTROLL_KOM_AL;Cluster1.HAUKLAND_STEMMEVT_KONTROLL_KOM_AL;None;CommunicationAlarm;haukland_stemmevt;true;Stemmevatn kom-alarm
haukland;HAUKLAND_STEMMEVT_KONTROLL_MAG_FYLLGRD_PV;Cluster1.HAUKLAND_STEMMEVT_KONTROLL_MAG_FYLLGRD_PV;%;ReservoirFillFactor;haukland_stemmevt;true;Stemmevatn fyllgrad
haukland;HAUKLAND_STEMMEVT_KONTROLL_MAG_NEDBKAP_PV;Cluster1.HAUKLAND_STEMMEVT_KONTROLL_MAG_NEDBKAP_PV;mm;LowestRegulatedLevel;haukland_stemmevt;true;Stemmevatn LRV-ref
haukland;HAUKLAND_STEMMEVT_KONTROLL_MAG_OVLOP_PV;Cluster1.HAUKLAND_STEMMEVT_KONTROLL_MAG_OVLOP_PV;m3/s;OverflowFlow;haukland_stemmevt;true;Stemmevatn overloep (terminal)
haukland;HAUKLAND_STEMMEVT_KONTROLL_MAG_VOLUM_PV;Cluster1.HAUKLAND_STEMMEVT_KONTROLL_MAG_VOLUM_PV;Mill.m3;ReservoirVolume;haukland_stemmevt;true;Stemmevatn volum
haukland;HAUKLAND_STEMMEVT_KONTROLL_TOT_VF_PV;Cluster1.HAUKLAND_STEMMEVT_KONTROLL_TOT_VF_PV;m3/s;TotalDamFlow;haukland_stemmevt;true;Stemmevatn total VF
haukland;HAUKLAND_STEMMEVT_MET_DUGGPUNKT_PV;Cluster1.HAUKLAND_STEMMEVT_MET_DUGGPUNKT_PV;None;Other;haukland_stemmevt;false;Stemmevatn duggpunkt
haukland;HAUKLAND_STEMMEVT_MET_LUFTTEMP2_PV;Cluster1.HAUKLAND_STEMMEVT_MET_LUFTTEMP2_PV;None;Other;haukland_stemmevt;false;Stemmevatn lufttemp2
haukland;HAUKLAND_STEMMEVT_MET_LUFTTEMP_EFFEKTIV_PV;Cluster1.HAUKLAND_STEMMEVT_MET_LUFTTEMP_EFFEKTIV_PV;None;Other;haukland_stemmevt;false;Stemmevatn lufttemp effektiv
haukland;HAUKLAND_STEMMEVT_MET_LUFTTEMP_PV;Cluster1.HAUKLAND_STEMMEVT_MET_LUFTTEMP_PV;None;Other;haukland_stemmevt;false;Stemmevatn lufttemp
haukland;HAUKLAND_STEMMEVT_MET_LUFTTRYKK2_PV;Cluster1.HAUKLAND_STEMMEVT_MET_LUFTTRYKK2_PV;None;Other;haukland_stemmevt;false;Stemmevatn lufttrykk2
haukland;HAUKLAND_STEMMEVT_MET_LUFTTRYKK_PV;Cluster1.HAUKLAND_STEMMEVT_MET_LUFTTRYKK_PV;None;Other;haukland_stemmevt;false;Stemmevatn lufttrykk
haukland;HAUKLAND_STEMMEVT_MET_NEDBOR_AKK_AR_PV;Cluster1.HAUKLAND_STEMMEVT_MET_NEDBOR_AKK_AR_PV;None;Other;haukland_stemmevt;false;Stemmevatn nedboer akk aar
haukland;HAUKLAND_STEMMEVT_MET_NEDBOR_FORR_DOGN_PV;Cluster1.HAUKLAND_STEMMEVT_MET_NEDBOR_FORR_DOGN_PV;None;Other;haukland_stemmevt;false;Stemmevatn nedboer forrige doegn
haukland;HAUKLAND_STEMMEVT_MET_NEDBOR_FORR_TIME_PV;Cluster1.HAUKLAND_STEMMEVT_MET_NEDBOR_FORR_TIME_PV;None;Other;haukland_stemmevt;false;Stemmevatn nedboer forrige time
haukland;HAUKLAND_STEMMEVT_MET_NEDBOR_INNEV_DOGN_PV;Cluster1.HAUKLAND_STEMMEVT_MET_NEDBOR_INNEV_DOGN_PV;None;Other;haukland_stemmevt;false;Stemmevatn nedboer inneverende doegn
haukland;HAUKLAND_STEMMEVT_MET_NEDBOR_INNEV_TIME_PV;Cluster1.HAUKLAND_STEMMEVT_MET_NEDBOR_INNEV_TIME_PV;None;Other;haukland_stemmevt;false;Stemmevatn nedboer inneverende time
haukland;HAUKLAND_STEMMEVT_MET_NEDBOR_REK_DOGN_PV;Cluster1.HAUKLAND_STEMMEVT_MET_NEDBOR_REK_DOGN_PV;None;Other;haukland_stemmevt;false;Stemmevatn nedboer rek doegn
haukland;HAUKLAND_STEMMEVT_MET_NEDBOR_REK_TIME_PV;Cluster1.HAUKLAND_STEMMEVT_MET_NEDBOR_REK_TIME_PV;None;Other;haukland_stemmevt;false;Stemmevatn nedboer rek time
haukland;HAUKLAND_STEMMEVT_MET_REL_LUFTFUKT_PV;Cluster1.HAUKLAND_STEMMEVT_MET_REL_LUFTFUKT_PV;None;Other;haukland_stemmevt;false;Stemmevatn rel luftfukt
haukland;HAUKLAND_STEMMEVT_MET_SOLINSTRALING_PV;Cluster1.HAUKLAND_STEMMEVT_MET_SOLINSTRALING_PV;None;Other;haukland_stemmevt;false;Stemmevatn solinnstraaling
haukland;HAUKLAND_STEMMEVT_MET_VIND_HASTIGHET_PV;Cluster1.HAUKLAND_STEMMEVT_MET_VIND_HASTIGHET_PV;None;Other;haukland_stemmevt;false;Stemmevatn vindhastighet
haukland;HAUKLAND_STEMMEVT_MET_VIND_HASTIGHET_SNITT_PV;Cluster1.HAUKLAND_STEMMEVT_MET_VIND_HASTIGHET_SNITT_PV;None;Other;haukland_stemmevt;false;Stemmevatn vindhastighet snitt
haukland;HAUKLAND_STEMMEVT_MET_VIND_RETNING_PV;Cluster1.HAUKLAND_STEMMEVT_MET_VIND_RETNING_PV;None;Other;haukland_stemmevt;false;Stemmevatn vindretning
haukland;HAUKLAND_STEMMEVT_NIVA_MOH_PV;Cluster1.HAUKLAND_STEMMEVT_NIVA_MOH_PV;moh;UpstreamLevel;haukland_stemmevt;true;Stemmevatn nivaa moh
haukland;HAUKLAND_STEMMEVT_NIVA_REF_HRV_PV;Cluster1.HAUKLAND_STEMMEVT_NIVA_REF_HRV_PV;None;Other;haukland_stemmevt;false;Stemmevatn HRV-ref
haukland;HAUKLAND_STEMMEVT_NIVA_SENSOR_PRI_HRV_PV;Cluster1.HAUKLAND_STEMMEVT_NIVA_SENSOR_PRI_HRV_PV;None;Other;haukland_stemmevt;false;Stemmevatn sensor pri HRV
haukland;HAUKLAND_STEMMEVT_NIVA_SENSOR_PRI_KOTE_PV;Cluster1.HAUKLAND_STEMMEVT_NIVA_SENSOR_PRI_KOTE_PV;None;Other;haukland_stemmevt;false;Stemmevatn sensor pri kote
haukland;HAUKLAND_STEMMEVT_NIVA_SENSOR_RES_HRV_PV;Cluster1.HAUKLAND_STEMMEVT_NIVA_SENSOR_RES_HRV_PV;None;Other;haukland_stemmevt;false;Stemmevatn sensor res HRV
haukland;HAUKLAND_STEMMEVT_NIVA_SENSOR_RES_KOTE_PV;Cluster1.HAUKLAND_STEMMEVT_NIVA_SENSOR_RES_KOTE_PV;None;Other;haukland_stemmevt;false;Stemmevatn sensor res kote
haukland;HAUKLAND_STEMMEVT_NIVA_VTA_PV;Cluster1.HAUKLAND_STEMMEVT_NIVA_VTA_PV;None;Other;haukland_stemmevt;false;Stemmevatn VTA
haukland;HAUKLAND_STOLSVT_FORSYN_230VAC_U_PV;Cluster1.HAUKLAND_STOLSVT_FORSYN_230VAC_U_PV;None;Other;haukland_stolsvt;false;Stoelsvatn forsyning 230VAC
haukland;HAUKLAND_STOLSVT_FORSYN_24VDC_BATT_I_PV;Cluster1.HAUKLAND_STOLSVT_FORSYN_24VDC_BATT_I_PV;None;Other;haukland_stolsvt;false;Stoelsvatn batt stroem
haukland;HAUKLAND_STOLSVT_FORSYN_24VDC_BATT_KAP_PV;Cluster1.HAUKLAND_STOLSVT_FORSYN_24VDC_BATT_KAP_PV;None;Other;haukland_stolsvt;false;Stoelsvatn batt kapasitet
haukland;HAUKLAND_STOLSVT_FORSYN_24VDC_BATT_TEMP_PV;Cluster1.HAUKLAND_STOLSVT_FORSYN_24VDC_BATT_TEMP_PV;None;Other;haukland_stolsvt;false;Stoelsvatn batt temp
haukland;HAUKLAND_STOLSVT_FORSYN_24VDC_BATT_TID_PV;Cluster1.HAUKLAND_STOLSVT_FORSYN_24VDC_BATT_TID_PV;None;Other;haukland_stolsvt;false;Stoelsvatn batt tid
haukland;HAUKLAND_STOLSVT_FORSYN_24VDC_BATT_U_PV;Cluster1.HAUKLAND_STOLSVT_FORSYN_24VDC_BATT_U_PV;None;Other;haukland_stolsvt;false;Stoelsvatn batt spenning
haukland;HAUKLAND_STOLSVT_FORSYN_24VDC_LAST_I_PV;Cluster1.HAUKLAND_STOLSVT_FORSYN_24VDC_LAST_I_PV;None;Other;haukland_stolsvt;false;Stoelsvatn last stroem
haukland;HAUKLAND_STOLSVT_FORSYN_24VDC_LAST_U_PV;Cluster1.HAUKLAND_STOLSVT_FORSYN_24VDC_LAST_U_PV;None;Other;haukland_stolsvt;false;Stoelsvatn last spenning
haukland;HAUKLAND_STOLSVT_FORSYN_24VDC_LIKERETT_U_PV;Cluster1.HAUKLAND_STOLSVT_FORSYN_24VDC_LIKERETT_U_PV;None;Other;haukland_stolsvt;false;Stoelsvatn likeretter
haukland;HAUKLAND_STOLSVT_KONTROLL_AGC_DB_SP;Cluster1.HAUKLAND_STOLSVT_KONTROLL_AGC_DB_SP;None;Other;haukland_stolsvt;false;Stoelsvatn AGC
haukland;HAUKLAND_STOLSVT_KONTROLL_KOM_AL;Cluster1.HAUKLAND_STOLSVT_KONTROLL_KOM_AL;None;CommunicationAlarm;haukland_stolsvt;true;Stoelsvatn kom-alarm
haukland;HAUKLAND_STOLSVT_KONTROLL_MAG_FYLLGRD_PV;Cluster1.HAUKLAND_STOLSVT_KONTROLL_MAG_FYLLGRD_PV;%;ReservoirFillFactor;haukland_stolsvt;true;Stoelsvatn fyllgrad
haukland;HAUKLAND_STOLSVT_KONTROLL_MAG_NEDBKAP_PV;Cluster1.HAUKLAND_STOLSVT_KONTROLL_MAG_NEDBKAP_PV;mm;LowestRegulatedLevel;haukland_stolsvt;true;Stoelsvatn LRV-ref
haukland;HAUKLAND_STOLSVT_KONTROLL_MAG_OVLOP_PV;Cluster1.HAUKLAND_STOLSVT_KONTROLL_MAG_OVLOP_PV;m3/s;OverflowFlow;haukland_stolsvt;true;Stoelsvatn overloep
haukland;HAUKLAND_STOLSVT_KONTROLL_MAG_VOLUM_PV;Cluster1.HAUKLAND_STOLSVT_KONTROLL_MAG_VOLUM_PV;Mill.m3;ReservoirVolume;haukland_stolsvt;true;Stoelsvatn volum
haukland;HAUKLAND_STOLSVT_KONTROLL_REG_LUKE1_POS_SP_SP;Cluster1.HAUKLAND_STOLSVT_KONTROLL_REG_LUKE1_POS_SP_SP;None;Other;haukland_stolsvt;false;Stoelsvatn reg luke1 pos SP
haukland;HAUKLAND_STOLSVT_KONTROLL_REG_LUKE1_POS_SP_TM_PV;Cluster1.HAUKLAND_STOLSVT_KONTROLL_REG_LUKE1_POS_SP_TM_PV;None;Other;haukland_stolsvt;false;Stoelsvatn reg luke1 pos TM
haukland;HAUKLAND_STOLSVT_KONTROLL_REG_LUKE1_VF_SP_SP;Cluster1.HAUKLAND_STOLSVT_KONTROLL_REG_LUKE1_VF_SP_SP;None;Other;haukland_stolsvt;false;Stoelsvatn reg luke1 VF SP
haukland;HAUKLAND_STOLSVT_KONTROLL_REG_LUKE1_VF_SP_TM_PV;Cluster1.HAUKLAND_STOLSVT_KONTROLL_REG_LUKE1_VF_SP_TM_PV;None;Other;haukland_stolsvt;false;Stoelsvatn reg luke1 VF TM
haukland;HAUKLAND_STOLSVT_KONTROLL_TOT_VF_PV;Cluster1.HAUKLAND_STOLSVT_KONTROLL_TOT_VF_PV;m3/s;TotalDamFlow;haukland_stolsvt;true;Stoelsvatn total VF
haukland;HAUKLAND_STOLSVT_LEKK_VF_PV;Cluster1.HAUKLAND_STOLSVT_LEKK_VF_PV;None;Other;haukland_stolsvt;false;Stoelsvatn lekkasje VF
haukland;HAUKLAND_STOLSVT_LEKK_VTA_PV;Cluster1.HAUKLAND_STOLSVT_LEKK_VTA_PV;None;Other;haukland_stolsvt;false;Stoelsvatn lekkasje VTA
haukland;HAUKLAND_STOLSVT_LUKE1_POS_PV;Cluster1.HAUKLAND_STOLSVT_LUKE1_POS_PV;cm;GatePosition;haukland_stolsvt;true;Stoelsvatn luke1 pos
haukland;HAUKLAND_STOLSVT_LUKE1_VF_PV;Cluster1.HAUKLAND_STOLSVT_LUKE1_VF_PV;m3/s;GateFlow;haukland_stolsvt;true;Stoelsvatn luke1 VF
haukland;HAUKLAND_STOLSVT_MET_LUFTTEMP_PV;Cluster1.HAUKLAND_STOLSVT_MET_LUFTTEMP_PV;None;Other;haukland_stolsvt;false;Stoelsvatn lufttemp
haukland;HAUKLAND_STOLSVT_MET_LUFTTRYKK_PV;Cluster1.HAUKLAND_STOLSVT_MET_LUFTTRYKK_PV;None;Other;haukland_stolsvt;false;Stoelsvatn lufttrykk
haukland;HAUKLAND_STOLSVT_NIVA_MOH_PV;Cluster1.HAUKLAND_STOLSVT_NIVA_MOH_PV;moh;UpstreamLevel;haukland_stolsvt;true;Stoelsvatn nivaa moh
haukland;HAUKLAND_STOLSVT_NIVA_REF_HRV_PV;Cluster1.HAUKLAND_STOLSVT_NIVA_REF_HRV_PV;None;Other;haukland_stolsvt;false;Stoelsvatn HRV-ref
haukland;HAUKLAND_STOLSVT_NIVA_SENSOR_PRI_HRV_PV;Cluster1.HAUKLAND_STOLSVT_NIVA_SENSOR_PRI_HRV_PV;None;Other;haukland_stolsvt;false;Stoelsvatn sensor pri HRV
haukland;HAUKLAND_STOLSVT_NIVA_SENSOR_PRI_KOTE_PV;Cluster1.HAUKLAND_STOLSVT_NIVA_SENSOR_PRI_KOTE_PV;None;Other;haukland_stolsvt;false;Stoelsvatn sensor pri kote
haukland;HAUKLAND_STOLSVT_NIVA_SENSOR_RES_HRV_PV;Cluster1.HAUKLAND_STOLSVT_NIVA_SENSOR_RES_HRV_PV;None;Other;haukland_stolsvt;false;Stoelsvatn sensor res HRV
haukland;HAUKLAND_STOLSVT_NIVA_SENSOR_RES_KOTE_PV;Cluster1.HAUKLAND_STOLSVT_NIVA_SENSOR_RES_KOTE_PV;None;Other;haukland_stolsvt;false;Stoelsvatn sensor res kote
haukland;HAUKLAND_STOLSVT_NIVA_VTA_PV;Cluster1.HAUKLAND_STOLSVT_NIVA_VTA_PV;None;Other;haukland_stolsvt;false;Stoelsvatn VTA
haukland;HAUKLAND_VANNVEI_VENTILHUS_24VDC_U_PV;Cluster1.HAUKLAND_VANNVEI_VENTILHUS_24VDC_U_PV;VDC;Other;;false;Vannvei ventilhus 24VDC
haukland;V26_HAUKLAND_AGC_AKTIV_SP;Cluster1.V26_HAUKLAND_AGC_AKTIV_SP;None;Other;;false;V26 AGC aktiv (eldre config)
